Section,Part_Number,Size,Description,Finish,Quantity,OEM_Number
General Motors Fasteners,10566PK,14.00 x 34.00mm 22mm Head Diameter,14.00 x 34.00mm 22mm Head Diameter Black Nylon Bumper & Door Insulator Screws,Black Nylon,25 Pcs.,#3 Square Drive Truss Head; G.M. # 11561438
General Motors Fasteners,10539PK,7.50 x 35.00mm 22mm Head Diameter,7.50 x 35.00mm 22mm Head Diameter Black Nylon Bumper Fascia Screws,Black Nylon,15 Pcs.,"#3 Square Drive Truss Head; Chrysler # 6503819, 6503401; G.M. # 25631448"
Nuts Push On Type Threaded Stud Metric,11178PK,9.20 x 45.00mm 22mm Head Diameter,9.20 x 45.00mm 22mm Head Diameter Black Nylon Bumper Fascia Screws,Black Nylon,15 Pcs.,#3 Square Drive Truss Head; G.M. # 25705182
Push On Type Retainers,1621PK,6-1.00mm Screw Size 17mm Outside Diameter Flange,6-1.00mm Screw Size 17mm Outside Diameter Flange Zinc Plated,Zinc Plated,100 Pcs.,"Chrysler # 6501178, 6501192; Ford # N801192S36; G.M. # 11503736, 11609738, 14093869"
Push On Type Retainers,1043PK,8-1.25mm Screw Size 16mm Outside Diameter Flange,8-1.25mm Screw Size 16mm Outside Diameter Flange Zinc Finish,Zinc Finish,100 Pcs.,"Chrysler # 6501025; G.M. # 11502504, 11502853"
Push On Type Retainers,3010PK,8-1.25mm Screw Size 24mm Outside Diameter Flange,8-1.25mm Screw Size 24mm Outside Diameter Flange Zinc Finish Bumper Strip Retainers,Zinc Finish,50 Pcs.,Chrysler # 6501825; G.M. # 10009923
Push On Type Retainers,9335PK,10 x 1.50mm Screw Size 20mm Outside Diameter Flange,10 x 1.50mm Screw Size 20mm Outside Diameter Flange Black Finish,Black Finish,50 Pcs.,G.M. # 11502759
Nuts Push On Type Threaded Stud Metric,1276PK,10-1.50mm Screw Size 24mm Outside Diameter Flange,10-1.50mm Screw Size 24mm Outside Diameter Flange Dacromet Finish General Motors,Dacromet Finish,50 Pcs.,G.M. # 11501849
Push On Type Retainers,1044PK,12-1.75mm Screw Size 21.40mm Outside Diameter Flange,12-1.75mm Screw Size 21.40mm Outside Diameter Flange Black Finish,Black Finish,50 Pcs.,G.M. # 11502737
Retainers Grommet,9952PK,14-2.00mm Screw Size 25mm Outside Diameter Flange,14-2.00mm Screw Size 25mm Outside Diameter Flange Black Finish,Black Finish,50 Pcs.,G.M. # 11504119
Retainers Grommet,16447PK,"11/64"" (4.50) Hole Size 5mm Stem Length 28mm Head Diameter Bumper Cover Grommets","11/64"" (4.50) Hole Size 5mm Stem Length 28mm Head Diameter Black Nylon Bumper Cover Grommets",Black Nylon,25 Pcs.,G.M. # 15265199
Retainers Grommet,16450PK,"5mm Stud 25/64"" (10mm) Hole Size 8mm Stem Length 30mm Head Diameter","5mm Stud 25/64"" (10mm) Hole Size 8mm Stem Length 30mm Head Diameter Black Nylon Wheel House Liner Retainers",Black Nylon,25 Pcs.,GM # 94530387
Nuts Push On Type Non-Threaded Stud Metric,16446PK,28mm Top Diameter 17.50mm Bottom Diameter 23mm Overall Height,28mm Top Diameter 17.50mm Bottom Diameter 23mm Overall Height Black Nylon,Black Nylon,25 Pcs.,G.M. # 15924986
Push On Type Retainers,9850PK,3.20mm Stud Size 9.50mm Outside Diameter Flange,3.20mm Stud Size 9.50mm Outside Diameter Flange Zinc Finish,Zinc Finish,100 Pcs.,G.M. # 11502794
Nuts Thread Cutting Metric,1691PK,4mm Stud Size 11mm Outside Diameter Flange,4mm Stud Size 11mm Outside Diameter Flange Black Finish General Motors,Black Finish,100 Pcs.,G.M.
Thread Cutting Nuts,1041PK,5mm Stud Size 10mm Hex Size 15mm Flange Diameter,5mm Stud Size 10mm Hex Size 15mm Flange Diameter Black Finish,Black Finish,50 Pcs.,"G.M. # 11501835, 11508900, 11510062,"
Thread Cutting Nuts,1042PK,6.30mm Stud Size 11mm Hex Size 18mm Flange Diameter,6.30mm Stud Size 11mm Hex Size 18mm Flange Diameter Zinc Finish,Zinc Finish,50 Pcs.,"G.M. # 11501836, 11503432"
Nuts Lock Zinc Plated,1622PK,8mm Stud Size 13mm Hex Size 20mm Flange Diameter,8mm Stud Size 13mm Hex Size 20mm Flange Diameter Zinc Finish,Zinc Finish,100 Pcs.,"G.M. # 11502507, 11509535, 11514282"
Nuts Hex Loose Washer Standard,11140PK,6-1.00mm Stud Size 11mm Hex Size 24mm Flange Diameter,6-1.00mm Stud Size 11mm Hex Size 24mm Flange Diameter Metallic Gray Finish with Sealer Locking Washer Nuts,,25 Pcs.,G.M. # 11505865
Nuts Nylon,17921PK,"1/4 - 20 Screw Size 7/16"" Hex Size 5/8"" Outside Diameter Loose Washer","1/4 - 20 Screw Size 7/16"" Hex Size 5/8"" Outside Diameter Loose Washer Yellow Zinc Finish",Zinc Finish,50 Pcs.,"G.M. # 3866846; Ford # 385400, 45334; Chrysler # 6023204, 6025004, 6033560"
Nuts Nylon,16445PK,4.20mm Screw Size 20mm Flange Diameter 13.50mm Over All Height Bumper Deﬂector Flange Nuts,4.20mm Screw Size 20mm Flange Diameter 13.50mm Over All Height White Nylon Bumper Deﬂector Flange Nuts,White Nylon,25 Pcs.,G.M. # 11547637
Nuts Hex Flange Type Metric,17074PK,20mm Flange Diameter 10mm Hex Size,20mm Flange Diameter 10mm Hex Size Black Nylon Wheelhouse Liner Nuts,Black Nylon,25 Pcs.,#8 (4.20mm) Screw Size; G.M. # 11612034
Nuts Hex Flange Type Metric,5797PK,5-.80mm Screw Size 8mm Hex Size 11.80mm Outside Diameter Flange Metric Hex Flange Nuts,5-.80mm Screw Size 8mm Hex Size 11.80mm Outside Diameter Flange Black Finish Metric Hex Flange Nuts General Motors,Black Finish,50 Pcs.,"G.M. # 11502722, 11502702"
Nuts Hex Flange Type Metric,11191PK,8-1.25mm Screw Size 13mm Hex Size 17mm Outside Diameter Flange Metric Hex Flange Nuts,"8-1.25mm Screw Size 13mm Hex Size 17mm Outside Diameter Flange Black Finish Metric Hex Flange Nuts 11514518, 11514596",Black Finish,25 Pcs.,"G.M. # 11501889, 11507036, 11502609,"
Nuts Hex Loose Washer Metric,1017PK,10-1.50mm Screw Size 15mm Hex Size 21mm Outside Diameter Flange Metric Hex Flange Nuts,10-1.50mm Screw Size 15mm Hex Size 21mm Outside Diameter Flange Black Finish Metric Hex Flange Nuts,Black Finish,25 Pcs.,G.M. # 11501850
Nuts Hex Loose Washer Metric,1639PK,5-.80mm Screw Size 10mm Hex Size 15mm Outside Diameter Loose Washer Metric Hex Nuts,5-.80mm Screw Size 10mm Hex Size 15mm Outside Diameter Loose Washer Black Finish Metric Hex Nuts,Black Finish,50 Pcs.,"AMC # 4200408; Ford # N621903-S61, N621903-S2; G.M. # 11504614"
Nuts Hex Loose Washer Metric,12892PK,5-.80mm Screw Size 10mm Hex Size 19mm Outside Diameter Loose Washer Metric Hex Nuts,5-.80mm Screw Size 10mm Hex Size 19mm Outside Diameter Loose Washer Black Finish Metric Hex Nuts,Black Finish,50 Pcs.,G.M. # 11504614
Nuts Hex Loose Washer Metric,5910PK,6-1.00mm Screw Size 10mm Hex Size 16mm Outside Diameter Loose Barbed Black Finish Metric Hex Nuts,6-1.00mm Screw Size 10mm Hex Size 16mm Outside Diameter Loose Barbed Washer Black Finish Metric Hex Nuts,Black Finish,25 Pcs.,"G.M. # 11505329, 11503752; V.W. # N90100001"
"Nuts Speed Type ""U"" for Sheet Metal Screws",11896PK,6-1.00mm Screw Size 11mm Hex Size 19mm Outside Loose Barbed Washer Metric Hex Nuts 5916XPK    8-1.25mm Screw Size 13mm Hex Size 24mm Outside Diameter Loose Barbed Metric Hex Nuts,"6-1.00mm Screw Size 11mm Hex Size 19mm Outside Loose Barbed Washer Black Finish Metric Hex Nuts 11517293, 11609411 5916XPK    8-1.25mm Screw Size 13mm Hex Size 24mm Outside Diameter Loose Barbed Washer Black Finish Metric Hex Nuts",Black Finish,25 Pcs.,"G.M. # 11503754, 11503756, 11505005,; Ford # N621940-S424; G.M. # 11503695, 11506117, 11516780,"
"Nuts Speed Type ""U"" for Sheet Metal Screws",1350PK,".025 - .150"" Panel Range 3/8"" Center of Hole to Edge",".025 - .150"" Panel Range 3/8"" Center of Hole to Edge Black Finish General Motors",Black Finish,100 Pcs.,"#8 (4.20mm) Screw Size; Ford # 381818-S2, 15650655; G.M. # 9424837, 9431530, 15650655"
"Speed Type ""U"" Nuts",5750PK,".025 - .150"" Panel Range 5/8"" Center of Hole to Edge c::: 1 /",".025 - .150"" Panel Range 5/8"" Center of Hole to Edge Black Finish i ,. , ;;; l,i; ,;~;t'J,.;},~).~:-,..   I c::: 1 /",Black Finish,100 Pcs.,"#8 (4.20mm) Screw Size                           _5'fi'N7f,r.~-4f~t'""-!°~~; Ford # 381863-S2; G.M. # 9440178, 9433155, 11504531"
"Speed Type ""U"" Nuts",11040PK,".045 - .062"" Panel Range 3/8"" Center Of Hole To Edge",".045 - .062"" Panel Range 3/8"" Center Of Hole To Edge Black Finish",Black Finish,50 Pcs.,"#8 (4.20mm) Screw Size; G.M. # 445429, 9422552"
"Speed Type ""U"" Nuts",1510PK,".125 - .250"" Panel Range 3/8"" Center of Hole to Edge",".125 - .250"" Panel Range 3/8"" Center of Hole to Edge Black Finish",Black Finish,100 Pcs.,#8 (4.20mm) Screw Size; G.M. # 9433156
"Nuts Speed Type ""U"" for Machine Screws",1192PK,".025 - .150"" Panel Range 3/8"" Center of Hole to Edge",".025 - .150"" Panel Range 3/8"" Center of Hole to Edge Black Finish C?:· I",Black Finish,25 Pcs.,#14 (6.30mm) Screw Size; G.M. # 9431532
"Nuts Extruded Type ""U"" Standard",9848PK,"1/4-20 Screw Size .064 - .125"" Panel Range 9/16"" Center of Hole to Edge","1/4-20 Screw Size .064 - .125"" Panel Range 9/16"" Center of Hole to Edge Black Finish C    ?   e",Black Finish,100 Pcs.,"G.M. # 9431647, 22529733"
"Nuts Extruded Type ""U"" Standard",938PK,"10-24 Screw Size .025 - .125"" Panel Range 15/32"" Center of Hole to Edge Extruded ""U"" Nuts","10-24 Screw Size .025 - .125"" Panel Range 15/32"" Center of Hole to Edge Black Finish Extruded ""U"" Nuts",Black Finish,50 Pcs.,Chrysler # 149251; G.M. # 152273
"Nuts Extruded Type ""U"" Standard",2969PK,"1/4-20 Screw Size .010 - .165"" Panel Range 17/32"" Center of Hole to Edge Extruded ""U"" Nuts","1/4-20 Screw Size .010 - .165"" Panel Range 17/32"" Center of Hole to Edge Black Finish Extruded ""U"" Nuts",Black Finish,25 Pcs.,"Ford # 45263-S2; G.M. # 1494252, 1480627"
"Nuts Extruded Type ""U"" Standard",5480PK,"1/4-20 Screw Size .010 - .165"" Panel Range 25/32"" Center of Hole to Edge Extruded ""U"" Nuts","1/4-20 Screw Size .010 - .165"" Panel Range 25/32"" Center of Hole to Edge Black Finish Extruded ""U"" Nuts",Black Finish,25 Pcs.,Ford # 45267; G.M. # 1494257
"Nuts Extruded Type ""U"" Standard",1835PK,"5/16-18 Screw Size .025 - .125"" Panel Range 5/8"" Center of Hole to Edge Extruded ""U"" Nuts","5/16-18 Screw Size .025 - .125"" Panel Range 5/8"" Center of Hole to Edge Black Finish Extruded ""U"" Nuts General Motors",Black Finish,25 Pcs.,Chrysler # 3786805; G.M. # 1494253
"Nuts Extruded Type ""U"" Standard",1836PK,"5/16-18 Screw Size .010 - .170"" Panel Range 27/32"" Center of Hole to Edge Extruded ""U"" Nuts","5/16-18 Screw Size .010 - .170"" Panel Range 27/32"" Center of Hole to Edge Black Finish Extruded ""U"" Nuts",Black Finish,25 Pcs.,Ford # 379831-S; G.M. # 1494258
"Nuts Extruded Type ""U"" Metric",5412PK,"3/8-16 Screw Size .035 - .205"" Panel Range 3/4"" Center of Hole to Edge Extruded ""U"" Nuts","3/8-16 Screw Size .035 - .205"" Panel Range 3/4"" Center of Hole to Edge Black Finish Extruded ""U"" Nuts -  - - - - - - - - - - - - - - - - 71~®",Black Finish,25 Pcs.,"Ford # 45265-S2; G.M. # 1494254, 12337873"
"Nuts Extruded Type ""U"" Metric",10726PK,".50 - 2.00mm Panel Range 10mm Center of Hole to Edge Extruded ""U"" Nuts",".50 - 2.00mm Panel Range 10mm Center of Hole to Edge Zinc Organic Prevailing Torque Extruded ""U"" Nuts",,50 Pcs.,#8 (4.20-1.41mm) Screw Size; G.M. # 11516397
"Nuts Extruded Type ""U"" Metric",10795PK,".65 - 3.80mm Panel Range 9.50mm Center of Hole to Edge Extruded ""U"" Nuts",".65 - 3.80mm Panel Range 9.50mm Center of Hole to Edge Zinc Organic Prevailing Torque Extruded ""U"" Nuts",,25 Pcs.,#8 (4.20-1.41mm) Screw Size; G.M. # 11513599; Ford # W704823-S439
"Nuts Extruded Type ""U"" Metric",11043PK,".65- 3.80mm Panel Range 15mm Center of Hole To Edge Extruded ""U"" Nuts",".65- 3.80mm Panel Range 15mm Center of Hole To Edge Zinc Organic Prevailing Torque Extruded ""U"" Nuts",,25 Pcs.,#8 (4.20-1.41mm) Screw Size; G.M. # 11515638
"Nuts Extruded Type ""U"" Metric",11339PK,"2.00 - 3.00mm Panel Range 10.10mm Center of Hole to Edge Extruded ""U"" Nuts","2.00 - 3.00mm Panel Range 10.10mm Center of Hole to Edge Prevailing Torque 6.28 In-lbs Black Finish Extruded ""U"" Nuts",Black Finish,25 Pcs.,#8 (4.20-1.41mm) Screw Size; G.M. # 11513700
"Nuts Extruded Type ""U"" Metric",16078PK,"2.00 - 3.00mm Panel Range 9.50mm Center of Hole to Edge Extruded ""U"" Nuts","2.00 - 3.00mm Panel Range 9.50mm Center of Hole to Edge Zinc Organic Extruded ""U"" Nuts",,25 Pcs.,#8 (4.20-1.41mm) Screw Size; G.M. # 11548579
"Nuts Extruded Type ""U"" Metric",1021PK,"4-.70mm Screw Size .80 - 4.00mm Panel Range 13.50mm Center of Hole to Edge Extruded ""U"" Nuts","4-.70mm Screw Size .80 - 4.00mm Panel Range 13.50mm Center of Hole to Edge Black Finish Extruded ""U"" Nuts",Black Finish,50 Pcs.,G.M. # 11500655
"Nuts Extruded Type ""U"" Metric",12893PK,"5-.80mm Screw Size .60 - 3.80mm Panel Range 11mm Center of Hole To Edge Extruded ""U"" Nuts","5-.80mm Screw Size .60 - 3.80mm Panel Range 11mm Center of Hole To Edge Black Finish Extruded ""U"" Nuts W520821-S426 General Motors",Black Finish,50 Pcs.,"Ford # N623331-S2, W520821-S439,; G.M. # 11505596, 11500656"
"Nuts Extruded Type ""U"" Metric",1012PK,"5-.80mm Screw Size .80 - 4.00mm Panel Range 8mm Center of Hole to Edge Extruded ""U"" Nuts","5-.80mm Screw Size .80 - 4.00mm Panel Range 8mm Center of Hole to Edge Black Finish Extruded ""U"" Nuts",Black Finish,50 Pcs.,"G.M. # 11500657, 11504693"
"Nuts Extruded Type ""U"" Metric",16400PK,"6-1.00mm Screw Size 1.80 - 2.50mm Panel Range 9mm Center of Hole to Edge Extruded ""U"" Nuts","6-1.00mm Screw Size 1.80 - 2.50mm Panel Range 9mm Center of Hole to Edge Zinc Finish Extruded ""U"" Nuts",Zinc Finish,15 Pcs.,Ford # N806728-S439; G.M. # 11517841
"Nuts Extruded Type ""U"" Metric",9949PK,"6-1.00mm Screw Size .50 - 2.30mm Panel Range 14mm Center of Hole to Edge Extruded ""U"" Nuts","6-1.00mm Screw Size .50 - 2.30mm Panel Range 14mm Center of Hole to Edge Extruded ""U"" Nuts",,25 Pcs.,G.M. #4435-M Finish Prevailing Torque; G.M.
"Nuts Extruded Type ""U"" Metric",16081PK,"6-1.00 Screw Size .70 - 2.00mm Panel Range 14mm Center of Hole to Edge Extruded ""U"" Nuts","6-1.00 Screw Size .70 - 2.00mm Panel Range 14mm Center of Hole to Edge Zinc Organic Extruded ""U"" Nuts",,10 Pcs.,G.M. # 11611321
"Nuts Extruded Type ""U"" Metric",11030PK,"6-1.00mm Screw Size .80 - 2.00mm Panel Range 14mm Center of Hole to Edge Extruded ""U"" Nuts","6-1.00mm Screw Size .80 - 2.00mm Panel Range 14mm Center of Hole to Edge Zinc Organic Extruded ""U"" Nuts",,15 Pcs.,G.M. # 11570097
"Nuts Extruded Type ""U"" Metric",10836PK,"6-1.00mm Screw Size .80 - 4.00mm Panel Range 13.50mm Center of Hole to Edge Prevailing Torque Extruded ""U"" Nuts","6-1.00mm Screw Size .80 - 4.00mm Panel Range 13.50mm Center of Hole to Edge Black Phosphate Organic Finish Prevailing Torque Extruded ""U"" Nuts",Phosphate,25 Pcs.,Chrysler # 6101308; Ford # N800854-S1; G.M. # 11509005
"Nuts Extruded Type ""U"" Metric",5596PK,"6-1.00mm Screw Size .80 - 4.00mm Panel Range 13.50mm Center of Hole to Edge Extruded ""U"" Nuts","6-1.00mm Screw Size .80 - 4.00mm Panel Range 13.50mm Center of Hole to Edge Black Finish Extruded ""U"" Nuts N623332-S53, N623332-S100",Black Finish,25 Pcs.,"Ford # N623332, N623332-S2,; G.M. # 11503957, 11503716, 1016937"
"Nuts Extruded Type ""U"" Metric",5650PK,"6-1.00mm Screw Size 1.00 - 2.50mm Panel Range 19.50mm Center of Hole to Edge Extruded ""U"" Nuts","6-1.00mm Screw Size 1.00 - 2.50mm Panel Range 19.50mm Center of Hole to Edge Black Finish Extruded ""U"" Nuts",Black Finish,25 Pcs.,"Ford # W520832-S424, W520832-S426; G.M. # 11503715, 11506099, 11508241"
"Nuts Extruded Type ""U"" Metric",9512PK,"6-1.00mm Screw Size 3.40 - 6.30mm Panel Range 13.50mm Center of Hole to Edge Extruded ""U"" Nuts","6-1.00mm Screw Size 3.40 - 6.30mm Panel Range 13.50mm Center of Hole to Edge Black Finish Extruded ""U"" Nuts",Black Finish,25 Pcs.,Ford # N802331-S53; G.M. # 11504047
"Nuts Extruded Type ""U"" Metric",5559PK,"6.30-1.00mm Screw Size .80 - 4.00mm Panel Range 13.50mm Center of Hole to Edge Extruded ""U"" Nuts","6.30-1.00mm Screw Size .80 - 4.00mm Panel Range 13.50mm Center of Hole to Edge Black Finish Extruded ""U"" Nuts General Motors",Black Finish,25 Pcs.,"G.M. # 11500658, 9433043, 11502785"
"Nuts Extruded Type ""U"" Metric",5560PK,"8-1.25mm Screw Size .80 - 4.00mm Panel Range 14.50mm Center of Hole to Edge Extruded ""U"" Nuts","8-1.25mm Screw Size .80 - 4.00mm Panel Range 14.50mm Center of Hole to Edge Black Finish Extruded ""U"" Nuts",Black Finish,25 Pcs.,"Chrysler # 6100042, 6101283; Ford # N623333-S2, N623333-S100; G.M. # 11500660, 11508925, 11502617"
"Nuts Extruded Type ""U"" Metric",16080PK,"8-1.25 Screw Size .80 - 4.30mm Panel Range 21mm Center of Hole to Edge Extruded ""U"" Nuts","8-1.25 Screw Size .80 - 4.30mm Panel Range 21mm Center of Hole to Edge Zinc Organic Extruded ""U"" Nuts",,15 Pcs.,Ford # W520813-S439; G.M. # 11516150
"Nuts Extruded Type ""U"" Metric",5557PK,"8-1.25mm Screw Size .80 - 4.50mm Panel Range 20mm Center of Hole to Edge Extruded ""U"" Nuts","8-1.25mm Screw Size .80 - 4.50mm Panel Range 20mm Center of Hole to Edge Black Finish Extruded ""U"" Nuts",Black Finish,25 Pcs.,"Ford # N623343-S100, N623343-S2; G.M. # 11500661, 11503317, 11516150"
"Nuts Nylon Type ""U"" Metric",5558PK,"10-1.50mm Screw Size .90 - 6.00mm Panel Range 19mm Center of Hole to Edge Extruded ""U"" Nuts","10-1.50mm Screw Size .90 - 6.00mm Panel Range 19mm Center of Hole to Edge Black Finish Extruded ""U"" Nuts",Black Finish,25 Pcs.,"G.M. # 11500662, 22531616"
"Nuts Nylon Type ""U"" Metric",1601PK,"Up to 1.00mm Panel Range 11mm Center of Hole to Edge ""U"" Type Nuts","Up to 1.00mm Panel Range 11mm Center of Hole to Edge Black Nylon Fender Wheel Housing ""U"" Type Nuts Mazda LA01-56-135",Black Nylon,15 Pcs.,"#10 (4.80mm) Screw Size; G.M. # 94841226; Toyota # 53879-14010-A, 53879-14020,"
Nuts Nylon,15729PK,"Up To 2.00mm Panel Range 12mm Center Of Hole to Edge ""U"" Type Nuts","Up To 2.00mm Panel Range 12mm Center Of Hole to Edge Red Nylon ""U"" Type Nuts",,25 Pcs.,#12 (5.50mm) Screw Size; G.M. # 24449408
Nuts Nylon,11193PK,6.50mm Stem Length 9.60mm Head Size 6.00 x 6.50mm Hole Size Rear Bumper Grommets,6.50mm Stem Length 9.60mm Head Size 6.00 x 6.50mm Hole Size Natural Nylon With Sealer Rear Bumper Grommets,Natural Nylon,50 Pcs.,#6 (3.50mm) Screw Size; G.M. # 11589183
Nuts Nylon,1297PK,"5/16"" Stem Length 13/32"" Head Size 9/32"" Hole Size Headlight Screw Grommets","5/16"" Stem Length 13/32"" Head Size 9/32"" Hole Size Natural Nylon Headlight Screw Grommets a General Motors",Natural Nylon,50 Pcs.,"#6 (3.50mm) Screw Size; Chrysler # 6029501; G.M. # 1370853; V.W. # 179-813-883, 155-809-966"
Nuts Nylon,9873PK,8mm Stem Length 12.50mm Head Diameter 7.00 x 7.50mm Hole Size Headlight Door to Radiator Grille Grommets,8mm Stem Length 12.50mm Head Diameter 7.00 x 7.50mm Hole Size Natural Nylon Headlight Door to Radiator Grille Grommets =,Natural Nylon,50 Pcs.,#6 (3.50mm) Screw Size; G.M. # 1355003
Nuts Nylon,9111PK,8.50mm Stem Length 10mm Head Size 6.50 x 7.50mm Hole Size Headlight Screw Grommets,8.50mm Stem Length 10mm Head Size 6.50 x 7.50mm Hole Size Natural Nylon Headlight Screw Grommets,Natural Nylon,50 Pcs.,#6 (3.50mm) Screw Size; AMC # 400141; G.M. # 380382; Mitsubishi # MS480001
Grille Attachment Screw Grommets,1202PK,8.50mm Stem Length 13.00 x 17.00mm Head Size 7.00 x 15.00mm Hole Size,8.50mm Stem Length 13.00 x 17.00mm Head Size 7.00 x 15.00mm Hole Size Natural Nylon,Natural Nylon,50 Pcs.,#6 (3.50mm) Screw Size; G.M. # 14032291
Grille Attachment Screw Grommets,637PK,9mm Stem Length 14.00 x 21.00mm Head Size 7.00 x 18.50mm Hole Size Screw Grommets,9mm Stem Length 14.00 x 21.00mm Head Size 7.00 x 18.50mm Hole Size Natural Nylon Rear Bumper Bar Screw Grommets,Natural Nylon,100 Pcs.,#6 (3.50mm) Screw Size; G.M. # 1377030
Grille Attachment Screw Grommets,9085PK,"3/8"" Stem Length 15/64 x 23/64"" Head Size 15/64"" Hole Size Marker Light Screw Grommets","3/8"" Stem Length 15/64 x 23/64"" Head Size 15/64"" Hole Size White Nylon Marker Light Screw Grommets a",White Nylon,50 Pcs.,#6 (3.50mm) Screw Size; G.M. # 1254815
Grille Attachment Screw Grommets,1407PK,16.50mm Stem Length 14.70 x 20.80mm Head Size 7.10 x 20.30mm Hole Size High Torque Screw Grommets,16.50mm Stem Length 14.70 x 20.80mm Head Size 7.10 x 20.30mm Hole Size Black Nylon High Torque Screw Grommets,Black Nylon,25 Pcs.,"#6 (3.50mm) Screw Size; AMC # 8934-201-602; Chrysler # 6031869; G.M. # 10032838, 1264963"
Grille Attachment Screw Grommets,11863PK,8.30mm Stem Length 11.00 x 13.60mm Head Size,8.30mm Stem Length 11.00 x 13.60mm Head Size Black Nylon Cowl Vent Nuts,Black Nylon,25 Pcs.,#6 to #8 Screw Size; Chrysler # 6035274; G.M. # 15596280
Nuts Nylon,2940PK,"17/64"" Stem Length 31/64"" Head Size 5/16"" Hole Size Headlamp Screw Grommets","17/64"" Stem Length 31/64"" Head Size 5/16"" Hole Size Natural Nylon Headlamp Screw Grommets General Motors",Natural Nylon,50 Pcs.,#8 (4.20mm) Screw Size; G.M. # 14013246
Grille Screw Grommets,9050PK,"17/64"" Stem Length 17/32"" Head Size 11/32"" Hole Size","17/64"" Stem Length 17/32"" Head Size 11/32"" Hole Size Natural Nylon",Natural Nylon,50 Pcs.,#8 (4.20mm) Screw Size; G.M.
Grille Screw Grommets,1574PK,"9/32"" Stem Length 7/16"" Head Size 5/16"" Hole Size","9/32"" Stem Length 7/16"" Head Size 5/16"" Hole Size Natural Nylon",Natural Nylon,100 Pcs.,"#8 (4.20mm) Screw Size; G.M. # 3919773, 22649878, 22649879"
Grille Screw Grommets,2980PK,"9/32"" Stem Length 7/16"" Head Size 5/16"" Hole Size","9/32"" Stem Length 7/16"" Head Size 5/16"" Hole Size Natural Nylon a",Natural Nylon,50 Pcs.,"#8 (4.20mm) Screw Size; G.M. # 3893980, 347347"
Grille Screw Grommets,1997PK,8mm Stem Length 13mm Head Diameter 7.50mm Hole Size Tail Light Screw Grommets,8mm Stem Length 13mm Head Diameter 7.50mm Hole Size Black Nylon Tail Light Screw Grommets,Black Nylon,25 Pcs.,#8 (4.20mm) Screw Size; G.M. # 3997391; V.W. # 179-813-881
Grille Screw Grommets,12667PK,8.50mm Stem Length 9.70mm Head Diameter 6.50 x 7.50mm Hole Size Screw Grommets,8.50mm Stem Length 9.70mm Head Diameter 6.50 x 7.50mm Hole Size Natural Nylon With Sealer Screw Grommets,Natural Nylon,25 Pcs.,#8 (4.20mm) Screw Size; G.M. # 9669486; Renault # 8934-201-262
Grille Screw Grommets,10553PK,"13/32"" Stem Length 1/2 x 21/32"" Head Size 19/64 x 15/32"" Hole Size Fender Shield Screw Grommets","13/32"" Stem Length 1/2 x 21/32"" Head Size 19/64 x 15/32"" Hole Size Black Nylon Door Panel & Fender Shield Screw Grommets",Black Nylon,25 Pcs.,#8 (4.20mm) Screw Size; Chrysler # 6035821; G.M. # 11517759
Door Reveal Screw Grommets,10556PK,11mm Stem Length 10mm Head Size 6.70mm Hole Size,11mm Stem Length 10mm Head Size 6.70mm Hole Size Natural Nylon,Natural Nylon,25 Pcs.,#8 (4.20mm) Screw Size; Ford # W710362; G.M. # 25647358
Nuts Nylon,11202PK,16mm Stem Length 12mm Head Size 7mm Hole Size Bumper Cover Grommets,16mm Stem Length 12mm Head Size 7mm Hole Size Natural Nylon With Sealer Bumper Cover Grommets General Motors,Natural Nylon,25 Pcs.,#8 (4.20mm) Screw Size; G.M. # 11561847
Nuts Nylon,10552PK,18mm Stem Length 13.00 x 22.00mm Head Diameter 6.00 x 16.50mm Hole Size Screw Grommets,18mm Stem Length 13.00 x 22.00mm Head Diameter 6.00 x 16.50mm Hole Size Natural Nylon With Sealer Back Glass Moulding & Interior Trim Screw Grommets,Natural Nylon,15 Pcs.,"#8 (4.20mm) Screw Size; Ford # W705590-S300, W710459-S300; G.M. # 25649667"
Nuts Nylon,15829PK,8mm Stem Length 13mm Head Diameter 8mm Hole Size License Plate Grommets,8mm Stem Length 13mm Head Diameter 8mm Hole Size White Nylon License Plate Grommets,White Nylon,50 Pcs.,#10 (4.80mm) Screw Size; G.M. # 3783006
Nuts Nylon,17945PK,11mm Stem Length 9.50mm Head Diameter Interior Trim Grommets,11mm Stem Length 9.50mm Head Diameter Natural Nylon Lower Door & Handle Interior Trim Grommets,Natural Nylon,25 Pcs.,"#10 (4.80mm) Screw Size; G.M. # 90230846, 94515248"
Grille Screw Grommets,1560PK,11mm Stem Length 12mm Head Size 8 x 9mm Hole Size,11mm Stem Length 12mm Head Size 8 x 9mm Hole Size Natural Nylon,Natural Nylon,50 Pcs.,"#10 (4.80mm) Screw Size; G.M. # 94841764; Mitsubishi # MS480002, MS480009; Toyota # 90189-05013"
Door Handle Screw Grommets,10551PK,"9/16"" Stem Length 5/8 x 3/4"" Head Size 11/32 x 1/2"" Hole Size","9/16"" Stem Length 5/8 x 3/4"" Head Size 11/32 x 1/2"" Hole Size Natural Nylon",Natural Nylon,15 Pcs.,#12 (5.50mm) Screw Size; G.M. # 11517873
Door Handle Screw Grommets,9912PK,19mm Stem 16mm Head 8mm Square Hole Size Fender Liner Screw Grommets,19mm Stem 16mm Head 8mm Square Hole Size Black Nylon Front & Rear Wheel Fender Liner Screw Grommets,Black Nylon,15 Pcs.,#12 (5.50mm) Screw Size; G.M. # 94854203; Toyota # 90189-06028
Door Handle Screw Grommets,9872PK,8mm Stem Length 14.30mm Head Diameter 8.50mm Hole Size License Plate Screw Grommets,8mm Stem Length 14.30mm Head Diameter 8.50mm Hole Size Natural Nylon License Plate Screw Grommets,Natural Nylon,50 Pcs.,#14 (6.30mm) Screw Size; G.M. # 380370
Nuts Nylon,1228PK,"5/16"" Stem Length 5/8"" Head Size 13/32"" Hole Size","5/16"" Stem Length 5/8"" Head Size 13/32"" Hole Size White Plastic License Plate Nuts General Motors",,50 Pcs.,#14 (6.30mm) Screw Size; Chrysler # 6023925; G.M. # 3907444
Nuts Nylon,17927PK,8mm Stem Length 16mm Head Size Tail Light Screw Grommets,"8mm Stem Length 16mm Head Size Black Nylon With Sealer Bumper, License Plate & Tail Light Screw Grommets",Black Nylon,10 Pcs.,#14 (6.30mm) Screw Size; G.M. # 25832258
Nuts Nylon,12664PK,11mm Stem Length 15mm Head Diameter 9.50mm Hole Size Screw Grommets,11mm Stem Length 15mm Head Diameter 9.50mm Hole Size Natural Nylon Screw Grommets,Natural Nylon,50 Pcs.,#14 (6.30mm) Screw Size; G.M. # 4755299
Nuts Nylon,10525PK,14mm Stem Length 20mm Head Size 8mm Hole Size License Plate Grommets,14mm Stem Length 20mm Head Size 8mm Hole Size Black Nylon License Plate Grommets,Black Nylon,50 Pcs.,#14 (6.30mm) Screw Size; G.M. # 22546934
Nuts Nylon,10550PK,17mm Stem Length 24mm Head Size 15mm Hole Size Light Housing Screw Grommets,17mm Stem Length 24mm Head Size 15mm Hole Size Black Nylon With Sealer Light Housing Screw Grommets,Black Nylon,15 Pcs.,"#14 (6.30mm) Screw Size; G.M. # 15745990, 15289020, 11609535"
Nuts Nylon,11391PK,23mm Stem Length 15.00 x 18.00mm Head Size Rear Bumper Screw Grommets,23mm Stem Length 15.00 x 18.00mm Head Size White Nylon With Sealer Rear Bumper Screw Grommets,White Nylon,10 Pcs.,#14 (6.30mm) Screw Size; G.M. # 25704358
Nuts Nylon,18261PK,4.80mm Stud Size 17mm Head Diameter 9.80mm Hole Size Tail Lamp Grommet,4.80mm Stud Size 17mm Head Diameter 9.80mm Hole Size Black Rubber Tail Lamp Grommet,,10 Pcs.,G.M. # 11571225
Nuts Nylon,15816PK,"25/64"" (10mm) Hole Size 15mm Stem Length 18mm Head Diameter Tail Light Grommets","25/64"" (10mm) Hole Size 15mm Stem Length 18mm Head Diameter White Nylon With Sealer Tail Light Grommets",White Nylon,10 Pcs.,G.M. # 22884291
Nuts Nylon,16309PK,"25/64"" (10mm) Hole Size 17.50mm Overall Length 19mm Head Diameter Tail Lamp Grommets","25/64"" (10mm) Hole Size 17.50mm Overall Length 19mm Head Diameter Orange Nylon With Sealer Tail Lamp Grommets",,10 Pcs.,G.M. # 84221533
Nuts Nylon,9712PK,"7/16"" (11mm) Hole Size 9mm Stem Length 13mm Head Diameter Park & Turn Signal Grommets","7/16"" (11mm) Hole Size 9mm Stem Length 13mm Head Diameter White Nylon Park & Turn Signal Grommets General Motors",White Nylon,50 Pcs.,"Ford # N811169-S, W705550-S300; G.M. # 10423331; Toyota # 90075-10801, 90189-06111"
Nuts Nylon,13368PK,"7/16"" (11mm) Hole Size 16mm Stem Length 16mm Head Diameter Fog Light Grommets","7/16"" (11mm) Hole Size 16mm Stem Length 16mm Head Diameter White Nylon Fog Light Grommets",White Nylon,15 Pcs.,G.M. # 11570830
Nuts Nylon,11162PK,"19/32"" (15mm) Hole Size 21mm Stem Length 24mm Head Diameter .90mm Thick Panel Tail Light Grommets","19/32"" (15mm) Hole Size 21mm Stem Length 24mm Head Diameter .90mm Thick Panel Black Nylon With Sealer Tail Light Grommets",Black Nylon,15 Pcs.,G.M. # 11561987
Nuts Nylon,10554PK,13 x 20mm Head Size 17mm Stem Length 9.00 x 16.00mm Hole Size Housing Screw Grommets,13 x 20mm Head Size 17mm Stem Length 9.00 x 16.00mm Hole Size Black Nylon Rear Light Housing Screw Grommets,Black Nylon,15 Pcs.,"Chrysler # 5113360-AA; G.M. # 15284612, 11609536, 15745991"
Nuts Nylon,10498PK,13 x 20mm Head Size 17.50mm Stem Length 8.75 x 15.75mm Hole Size Headlight Screw Grommets,13 x 20mm Head Size 17.50mm Stem Length 8.75 x 15.75mm Hole Size Blue Nylon With Sealer Headlight Screw Grommets,,10 Pcs.,"G.M. # 11561382, 11610198"
Nuts Nylon,10526PK,15mm Head Diameter 17mm Stem Length 11mm Hole Size Tail Light Grommets,15mm Head Diameter 17mm Stem Length 11mm Hole Size Black Nylon With Sealer Tail Light Grommets,Black Nylon,5 Pcs.,"G.M. # 11561655, 11609862, 11610705"
Nuts Nylon,11189PK,9.50 x 13.50mm Hole Size 18mm Stem Length 17.50 x 21.50mm Head Size Fascia Grommets,9.50 x 13.50mm Hole Size 18mm Stem Length 17.50 x 21.50mm Head Size Black Nylon Fascia Grommets,Black Nylon,15 Pcs.,Use With #11190; G.M. # 22603044
Nuts Miscellaneous Metric,11190PK,5mm Pin Diameter 19.70mm Pin Length 3.30mm Panel Range,5mm Pin Diameter 19.70mm Pin Length 3.30mm Panel Range Black Nylon Front Bumper Fascia Hinged Pin Retainers,Black Nylon,15 Pcs.,"Use With #11189; G.M. # 22615352, 11588782, 22603043"
Nuts Miscellaneous Metric,12273PK,10mm Width 18mm Overall Height,10mm Width 18mm Overall Height Zinc Finish Bumper & Grille Fasteners General Motors,Zinc Finish,15 Pcs.,"#6 (3.50mm) Screw Size; Chrysler # 4806226-AA, 68004187-AA; Ford # W710754-S439; G.M. # 11562364"
Nuts Miscellaneous Metric,9199PK,,Zinc Finish Radiator Grille Nuts,Zinc Finish,25 Pcs.,"#8 (4.20mm) Screw Size; Ford # N802865-S100; G.M. # 15686142, 11561448"
Nuts Miscellaneous Metric,11258PK,8.65mm Hole Size,8.65mm Hole Size Zinc Finish Fender Bracket Push In Nuts,Zinc Finish,15 Pcs.,"#8 (4.20mm) Screw Size; G.M. # 11518531, 11609952"
Nuts Miscellaneous Metric,12983PK,6.00 x 16.00mm Head Size 7mm Overall Height,6.00 x 16.00mm Head Size 7mm Overall Height Magni-565 Finish Front Bumper Nuts,,25 Pcs.,#8 (4.20mm) Screw Size; G.M. # 11609952
Door Panel & Bumper Nuts,16065PK,.50 - 1.00mm Panel Range 8.55mm Square Hole Size,.50 - 1.00mm Panel Range 8.55mm Square Hole Size Green Finish With Silicone Pad,,15 Pcs.,#8 (4.20mm) Screw Size; G.M. # 11546868
Door Panel & Bumper Nuts,11032PK,.70 - 2.30mm Panel Range 8.70mm Hole Size,.70 - 2.30mm Panel Range 8.70mm Hole Size Blue Finish Mid Panel Nuts,,25 Pcs.,#8 (4.20mm) Screw Size; Chrysler # 6509432AA; Ford # W716529-S900; G.M. # 1570654
Door Panel & Bumper Nuts,10733PK,.70 - 1.50mm Panel Range 8.70mm Hole Size,.70 - 1.50mm Panel Range 8.70mm Hole Size Gray Finish With Sealer Tail Light Quarter Panel Nuts,,25 Pcs.,#8 (4.20mm) Screw Size; Ford # W714171-S439; G.M. # 11569711
Door Panel & Bumper Nuts,11034PK,9.00 x 11.00mm Hole Size,9.00 x 11.00mm Hole Size Black Finish Dash Panel Nuts,Black Finish,25 Pcs.,"#8 (4.20mm) Screw Size; Ford # N803685S; G.M. # 14083173, 17997722, 17988488"
Door Panel & Bumper Nuts,15864PK,1.40 - 5.00mm Panel Range 10.90 x 13.00mm Hole Size,1.40 - 5.00mm Panel Range 10.90 x 13.00mm Hole Size Green Metalic Finish Bracket Retainer Nuts,,15 Pcs.,#8 (4.20-1.41mm) Screw Size; G.M. # 11548673
Door Panel & Bumper Nuts,15691PK,,"Zinc Organic Center Console Door, Front Lights, Grille, Lift Gate Nuts With Silicone Pad",,10 Pcs.,#8 (4.20-1.41mm) Screw Size; G.M. # 11610157
Nuts Miscellaneous Metric,10143PK,"17/32"" (13.50mm) Hole Size 11mm Overall Length","17/32"" (13.50mm) Hole Size 11mm Overall Length Zinc Finish Headlamp Assembly Nuts General Motors",Zinc Finish,15 Pcs.,G.M. # 11570015
Nuts Miscellaneous Metric,9597PK,6-1.00mm Screw Size,6-1.00mm Screw Size Zinc Organic License Plate Nuts,,10 Pcs.,G.M. # 15707256
Nuts Miscellaneous Metric,18094PK,6-1.00 Screw Size .70 - 3.80mm Panel Range 9.25 x 13.75mm Hole Size,6-1.00 Screw Size .70 - 3.80mm Panel Range 9.25 x 13.75mm Hole Size Zinc Finish Rear Bumper Bracket Nuts,Zinc Finish,25 Pcs.,G.M. # 11547582
Nuts Miscellaneous Metric,13423PK,6-1.00 Screw Size 11mm Overall Height,6-1.00 Screw Size 11mm Overall Height Zinc Organic Radiator Grille & Front End Panel Nuts,,10 Pcs.,G.M. # 11518937
Nuts Miscellaneous Metric,15902PK,6-1.00mm Screw Size 12mm Overall Height,6-1.00mm Screw Size 12mm Overall Height Organic Zinc Finish Front Fender Panel Nuts,Zinc Finish,10 Pcs.,G.M. # 11610544
Grille Retainer Nuts,11984PK,5.80mm Stud Size 13mm Hex Size 25mm Washer Diameter,5.80mm Stud Size 13mm Hex Size 25mm Washer Diameter Black Nylon Camaro 2010 Cadillac SRS & SRX,Black Nylon,25 Pcs.,Use With # 11983; G.M. # 11610748
Nutserts Hex Type Automotive,11983PK,5.80mm Stem Diameter 25.50mm Stem Length 25mm Head Diameter,5.80mm Stem Diameter 25.50mm Stem Length 25mm Head Diameter Black Nylon Slotted Grille Retainers Camaro 2010 Cadillac SRS & SRX,Black Nylon,25 Pcs.,Use With # 11984; G.M. # 11610747
Hex Type Steel Nutserts,12444PK,6-1.00mm Thread Size 8mm Hex Size 12mm Flange Diameter .65 - 2.00mm Grip Range,6-1.00mm Thread Size 8mm Hex Size 12mm Flange Diameter .65 - 2.00mm Grip Range Zinc Finish With Sealer,Zinc Finish,15 Pcs.,"Ford # N803763-S100; G.M. # 15685099, 11518684"
Nutserts Hex Type Automotive,12440PK,6-1.00mm Thread Size 9.50mm Hex Size 13mm Flange Diameter .70 - 4.00mm Grip Range,6-1.00mm Thread Size 9.50mm Hex Size 13mm Flange Diameter .70 - 4.00mm Grip Range Zinc Finish Front Core Support General Motors,Zinc Finish,15 Pcs.,G.M. # 11519952
Nutserts Round Type,12441PK,8-1.25mm Thread Size 12.50mm Hex Size 17mm Flange Diameter .70 - 4.00mm Grip Range,8-1.25mm Thread Size 12.50mm Hex Size 17mm Flange Diameter .70 - 4.00mm Grip Range Zinc Finish,Zinc Finish,15 Pcs.,G.M. # 11519960
Nutserts    - - - - - - - - - - -·~®,12678PK,6-1.00mm Thread Size .70 - 4.20mm Grip Range 10mm Drill Size -    -Hex-,6-1.00mm Thread Size .70 - 4.20mm Grip Range 10mm Drill Size Yellow Zinc Knurled Shank Round Type Nutserts -    -Hex- Type,,25 Pcs.,G.M. # 10237960
Hex Type Nutserts,12715PK,"1/4-20 Thread Size .027 - .165"" Grip Range 9/64"" Drill Size","1/4-20 Thread Size .027 - .165"" Grip Range 9/64"" Drill Size Yellow Zinc Finish",Zinc Finish,15 Pcs.,G.M. # N/A
Hex Type Nutserts,10210PK,5-.80mm Thread Size .50 - 3.30mm Grip Range 7.14mm Drill Size,5-.80mm Thread Size .50 - 3.30mm Grip Range 7.14mm Drill Size Yellow Zinc,,15 Pcs.,
Nuts Jack,10211PK,6-1.00mm Thread Size .70 - 4.20mm Grip Range 9.53mm Hex Size,6-1.00mm Thread Size .70 - 4.20mm Grip Range 9.53mm Hex Size Yellow Zinc,,15 Pcs.,G.M. # 10281487
Nuts Jack,9371PK,"1/4-20 Thread Size 5/8"" Stem Length 3/16 - 3/8"" Grip Range","1/4-20 Thread Size 5/8"" Stem Length 3/16 - 3/8"" Grip Range Raintite Sealer Type Steel Jack Nuts",,25 Pcs.,Chrysler # 6031438; G.M. # 367292
Nuts Jack,9541PK,"1/4-20 x 1"" 5/8” Outside Diameter","1/4-20 x 1"" 5/8” Outside Diameter Chrome Finish Outside Mirror Mounting Bolts",,25 Pcs.,"Use With # 9371; G.M. # 367291, 10001670, 474821"
Nuts Jack,1793PK,6-1.00mm Thread Size,6-1.00mm Thread Size Roof Rack Mounting Raintite Sealer Type Steel Jack Nuts,,10 Pcs.,G.M. # 14007940
Nuts Brass Insert Rubber Well,9561PK,"1/4-20 x 1"" Screw Size                    10 Sets","1/4-20 x 1"" Screw Size                    10 Sets Mirror Mounting Screw & Jack Nut Assembly General Motors",,,G.M. # 367292
Nuts Brass Insert Rubber Well,10035PK,"5/16"" Hole Size 7/16"" Stem Length .015 - .178"" Grip Range","5/16"" Hole Size 7/16"" Stem Length .015 - .178"" Grip Range Black Rubber Well Nuts",,25 Pcs.,#8-32 Screw Size; G.M. # 14048060
Nuts Brass Insert Rubber Well,15953PK,"10-24 Screw Size 3/8"" Hole Size 37/64"" Length .030 - .227"" Grip Range","10-24 Screw Size 3/8"" Hole Size 37/64"" Length .030 - .227"" Grip Range Black Rubber With Brass Insert Well Nuts",,25 Pcs.,G.M. # 3876130
Nuts Brass Insert Rubber Well,11284PK,"3/8"" Hole Size 5/8"" Stem Length .035 - .232"" Grip Range","3/8"" Hole Size 5/8"" Stem Length .035 - .232"" Grip Range Black Rubber Well Nuts",,10 Pcs.,#10-32 Screw Size; G.M. # 12338025
Nuts Brass Insert Rubber Well,11899PK,"6-1.00mm Screw Size 12.70mm Hole Size 15mm Stem Length 20mm Flange Diameter .015 - .094"" Grip Range","6-1.00mm Screw Size 12.70mm Hole Size 15mm Stem Length 20mm Flange Diameter .015 - .094"" Grip Range Roof Rack Mounting Rubber Well Nuts Rubber Products",,10 Pcs.,"G.M. # 20130258, 14002811"
Nuts Brass Insert Rubber Well,13261PK,"9/64"" (3.60mm) Hole Size 3/4"" Stem Length 5/16"" Head Diameter","9/64"" (3.60mm) Hole Size 3/4"" Stem Length 5/16"" Head Diameter Black Rubber General Purpose Bumpers",,25 Pcs.,G.M. # 1304225
Nuts Brass Insert Rubber Well,13262PK,,,,,
Nuts Brass Insert Rubber Well,13263PK,"5/32"" (3.97mm) Hole Size 27/32"" Stem Length 21/64"" Head Diameter 17/64"" (6.75mm) Hole Size 5/16"" Stem Length 31/64"" Head Diameter","5/32"" (3.97mm) Hole Size 27/32"" Stem Length 21/64"" Head Diameter Black Rubber Glove Box Door Bumpers 17/64"" (6.75mm) Hole Size ► 5/16"" Stem Length 31/64"" Head Diameter Black Rubber License Plate Bumpers",,25 Pcs.,"G.M. # 3693292; G.M. # 3745361, 3762180"
Nuts Brass Insert Rubber Well,9881PK,"17/64"" (6.75mm) Hole Size 21/64"" Stem Length 1/2"" Head Diameter","17/64"" (6.75mm) Hole Size 21/64"" Stem Length 1/2"" Head Diameter Black Rubber Door & Quarter Glass Bumpers",,25 Pcs.,G.M. # 4081765
Hood Side Bumpers,13265PK,"17/64"" (6.75mm) Hole Size 11/32"" Stem Length 5/8"" Head Diameter","17/64"" (6.75mm) Hole Size 11/32"" Stem Length 5/8"" Head Diameter Black Rubber",,25 Pcs.,G.M. # 3688811
Door Bumpers,13266PK,"17/64"" (6.75mm) Hole Size 23/64"" Stem Length 31/64"" Head Diameter","17/64"" (6.75mm) Hole Size 23/64"" Stem Length 31/64"" Head Diameter Black Rubber General Motors Rubber Products",,25 Pcs.,"G.M. # 4563173, 4565415"
Door Bumpers,13267PK,"1/4"" (6.35mm) Hole Size 5/8"" Stem Length 5/8"" Head Diameter","1/4"" (6.35mm) Hole Size 5/8"" Stem Length 5/8"" Head Diameter Black Rubber General Purpose Bumpers",,25 Pcs.,G.M. # 972724
Door Bumpers,13268PK,"9/32"" (7.14mm) Hole Size 15/32"" Stem Length 23/32"" Head Diameter","9/32"" (7.14mm) Hole Size 15/32"" Stem Length 23/32"" Head Diameter Black Rubber General Purpose Bumpers",,25 Pcs.,G.M. # 3664645
Door Bumpers,13269PK,"1/4"" (6.35mm) Hole Size 3/8"" Stem Length 3/4"" Head Diameter","1/4"" (6.35mm) Hole Size 3/8"" Stem Length 3/4"" Head Diameter Black Rubber General Purpose Bumper",,25 Pcs.,G.M. # 3655015
Door Bumpers,13270PK,"27/64"" (10.72mm) Hole Size 7/8"" Diameter","27/64"" (10.72mm) Hole Size 7/8"" Diameter Black Rubber Trunk & Hood Bumpers",,25 Pcs.,G.M. # 4137121
Clips Wire Loom Routing,16449PK,"7/16"" (11mm) Slot Size 27mm Overall Height 20mm Overall Width","7/16"" (11mm) Slot Size 27mm Overall Height 20mm Overall Width Black Rubber",,25 Pcs.,G.M. # 22755704
Clips Wire Loom Routing,9690PK,"1/4"" Inside Diameter 3/8"" Outside Diameter","1/4"" Inside Diameter 3/8"" Outside Diameter Black Nylon Wire Loom Routing Clips",Black Nylon,15 Pcs.,G.M. # 12015631
Clips Wire Loom Routing,1237PK,"11/32"" Inside Diameter 1/2"" Outside Diameter","11/32"" Inside Diameter 1/2"" Outside Diameter Black Nylon Wire Loom Routing Clips General Motors",Black Nylon,25 Pcs.,G.M. # 8911473
Clips Wire Loom Routing,1238PK,"13/32"" Inside Diameter 19/32"" Outside Diameter","13/32"" Inside Diameter 19/32"" Outside Diameter Black Nylon Wire Loom Routing Clips",Black Nylon,25 Pcs.,G.M. # 8911497
Clips Wire Loom Routing,1239PK,"1/2"" Inside Diameter 11/16"" Outside Diameter","1/2"" Inside Diameter 11/16"" Outside Diameter Black Nylon Wire Loom Routing Clips",Black Nylon,25 Pcs.,G.M. # 8911472
Retainers Shield,1240PK,"3/4"" Inside Diameter 1"" Outside Diameter","3/4"" Inside Diameter 1"" Outside Diameter Black Nylon Wire Loom Routing Clips",Black Nylon,25 Pcs.,"G.M. # 8917320, 3816659"
Retainers Shield,JL-24PK,"7/64"" (2.80mm) Hole Size 25/64"" Stem Length 7/32"" Head Diameter .069 - .250"" Panel Range","7/64"" (2.80mm) Hole Size 25/64"" Stem Length 7/32"" Head Diameter .069 - .250"" Panel Range Black Nylon Shield Retainers",Black Nylon,100 Pcs.,G.M. # 20729523
Retainers Shield,5602PK,"5/32"" (4mm) Hole Size 7/16"" Stem Length 23/64"" Head Diameter .030 - .275"" Panel Range","5/32"" (4mm) Hole Size 7/16"" Stem Length 23/64"" Head Diameter .030 - .275"" Panel Range Black Nylon Shield Retainers",Black Nylon,100 Pcs.,G.M. # 10063599
Retainers Shield,8172PK,"3/16"" (4.50mm) Hole Size 21/32"" Stem Length 7/16"" Head Diameter .060 - .390"" Panel Range","3/16"" (4.50mm) Hole Size 21/32"" Stem Length 7/16"" Head Diameter .060 - .390"" Panel Range Black Nylon Dash Panel Retainers",Black Nylon,50 Pcs.,"AMC # 4006516; Ford # 388246A; G.M. # 25016383, 20413107"
Retainers Shield,9178PK,"13/64"" (5mm) Hole Size 1/2"" Stem Length 7/16"" Head Diameter","13/64"" (5mm) Hole Size 1/2"" Stem Length 7/16"" Head Diameter Black Nylon Fascia Shield Retainers",Black Nylon,25 Pcs.,Ford # N803170-S; G.M. # 16517439
Retainers Shield,12028PK,"13/64"" (5mm) Hole Size 14mm Stem Length 9mm Head Diameter","13/64"" (5mm) Hole Size 14mm Stem Length 9mm Head Diameter Black Nylon Bumper Cover Retainers General Motors",Black Nylon,50 Pcs.,G.M. # 24205245
Retainers Shield,9528PK,"13/64"" (5mm) Hole Size 17.80mm Stem Length 11mm Head Diameter","13/64"" (5mm) Hole Size 17.80mm Stem Length 11mm Head Diameter Black Nylon Rear Bumper Fascia Retainers",Black Nylon,25 Pcs.,G.M. # 1644290; Nissan # 01553-0075U
Retainers Shield,1583PK,"13/64"" (5mm) Hole Size 3/4"" Stem Length 19/32"" Head Diameter .70 - .555"" Panel Range","13/64"" (5mm) Hole Size 3/4"" Stem Length 19/32"" Head Diameter .70 - .555"" Panel Range Black Nylon Shroud Vent Grille To Panel Retainers",Black Nylon,50 Pcs.,G.M. # 20514862
Retainers Shield,5618PK,"15/64"" (6mm) Hole Size 1/2"" Stem Length 15/32"" Head Diameter .035 - .285"" Panel Range","15/64"" (6mm) Hole Size 1/2"" Stem Length 15/32"" Head Diameter .035 - .285"" Panel Range Black Nylon Shield Retainers",Black Nylon,50 Pcs.,G.M. # 20709017
Body Side Moulding Retainers,10427PK,"15/64"" (6mm) Hole Size 13mm Stem Length 9.50mm Head Diameter","15/64"" (6mm) Hole Size 13mm Stem Length 9.50mm Head Diameter Black Nylon",Black Nylon,25 Pcs.,G.M. # 20455900
Body Side Moulding Retainers,11002PK,"15/64"" (6mm) Hole Size 20mm Stem Length 18mm Head Diameter","15/64"" (6mm) Hole Size 20mm Stem Length 18mm Head Diameter Black Nylon Bumper & Fender Apron Retainers",Black Nylon,25 Pcs.,Ford # W711687-S300; G.M. # 11589181
Body Side Moulding Retainers,10568PK,"15/64"" (6mm) Hole Size 33mm Stem Length 18mm Head Diameter","15/64"" (6mm) Hole Size 33mm Stem Length 18mm Head Diameter Black Nylon Wheel Well Shield Retainers",Black Nylon,25 Pcs.,"Ford # W709002, W709002-SAA; G.M. # 11588950"
Body Side Moulding Retainers,1410PK,"1/4"" (6.30mm) Hole Size 1/2"" Stem Length 3/4"" Head Diameter","1/4"" (6.30mm) Hole Size 1/2"" Stem Length 3/4"" Head Diameter Black Nylon Mud Shield Retainers",Black Nylon,100 Pcs.,Chrysler # 3861577; Ford # 387258-S; G.M. # 20032850
Body Side Moulding Retainers,1761PK,"1/4"" (6.30mm) Hole Size 21/32"" Stem Length 11/16"" Head Diameter .115 - .400"" Panel Range","1/4"" (6.30mm) Hole Size 21/32"" Stem Length 11/16"" Head Diameter .115 - .400"" Panel Range Gray Nylon Shield Retainers",,50 Pcs.,"Chrysler # 6030538; G.M. # 6270163, 480534"
Retainers Shield,5429PK,"1/4"" (6.30mm) Hole Size 21/32"" Stem Length 11/16"" Head Diameter .115 - .400"" Panel Range","1/4"" (6.30mm) Hole Size 21/32"" Stem Length 11/16"" Head Diameter .115 - .400"" Panel Range Black Nylon Bumper & Fender Shield Retainers General Motors",Black Nylon,100 Pcs.,"AMC # 4004569; Chrysler # 6031321, 3691590; Ford # 389358-S; G.M. # 332364, 14093311, 20732399"
Retainers Shield,18346PK,"1/4"" (6.30mm) Hole Size 21/32"" Stem Length 11/16"" Head Diameter .115 - .400"" Panel Range","1/4"" (6.30mm) Hole Size 21/32"" Stem Length 11/16"" Head Diameter .115 - .400"" Panel Range Gray Nylon Shield Retainers",,50 Pcs.,"Chrysler # 6030538; G.M. # 6270163, 480534"
Retainers Shield,9311PK,"1/4"" (6.30mm) Hole Size 11/16"" Stem Length 1/2"" Head Diameter","1/4"" (6.30mm) Hole Size 11/16"" Stem Length 1/2"" Head Diameter Black Nylon Rear Bumper Fascia Retainers",Black Nylon,50 Pcs.,G.M. # 22536642
Retainers Shield,5506PK,"1/4"" (6.30mm) Hole Size 23/32"" Stem Length 1/2"" Head Diameter .110 - .460"" Panel Range","1/4"" (6.30mm) Hole Size 23/32"" Stem Length 1/2"" Head Diameter .110 - .460"" Panel Range Black Nylon Trim Panel Retainers",Black Nylon,50 Pcs.,G.M. # 411700
Retainers Shield,5625PK,"1/4"" (6.30mm) Hole Size 13/16"" Stem Length 23/32"" Head Diameter .095 - .540"" Panel Range","1/4"" (6.30mm) Hole Size 13/16"" Stem Length 23/32"" Head Diameter .095 - .540"" Panel Range Black Nylon Fender & Bumper Shield Retainers",Black Nylon,100 Pcs.,"AMC # 4004919; Chrysler # 6036007AA, 6502078, 6030441; Ford # 388577S, 389358S, W705589-S300; G.M. # 1605396, 11569768, 15958694"
Retainers Shield,13218PK,"1/4"" (6.30mm) Hole Size 22mm Stem Length 23mm Head Diameter","1/4"" (6.30mm) Hole Size 22mm Stem Length 23mm Head Diameter Tan Nylon Headliner Shield Retainers",,25 Pcs.,G.M. # 15944588
Retainers Shield,9130PK,"1/4"" (6.30mm) Hole Size 1 1/16"" Stem Length 23/32"" Head Diameter .095 - .805"" Panel Range","1/4"" (6.30mm) Hole Size 1 1/16"" Stem Length 23/32"" Head Diameter .095 - .805"" Panel Range Black Nylon Engine Splash Shield Retainers",Black Nylon,50 Pcs.,"Chrysler # 6033082, 6033840; Ford # W709346-S300, 39001S; G.M. # 10121502, 10077401"
Retainers Shield,12048PK,"1/4"" (6.30mm) Hole Size 27mm Stem Length 25.40mm Head Diameter","1/4"" (6.30mm) Hole Size 27mm Stem Length 25.40mm Head Diameter Black Nylon Fender & Headliner Retainers",Black Nylon,25 Pcs.,G.M. # 15802005
Retainers Shield,10366PK,"1/4"" (6.30mm) Hole Size 1 3/32"" Stem Length 7/8"" Head Diameter","1/4"" (6.30mm) Hole Size 1 3/32"" Stem Length 7/8"" Head Diameter Black Nylon Splash Shield & Wheel Cover Retainers General Motors",Black Nylon,50 Pcs.,Chrysler # 6501916; G.M. # 22547243
Retainers Shield,10434PK,"1/4"" (6.30mm) Hole Size 35mm Stem Length 18mm Head Diameter 10.50 - 26.60mm Panel Range","1/4"" (6.30mm) Hole Size 35mm Stem Length 18mm Head Diameter 10.50 - 26.60mm Panel Range Charcoal Gray Nylon Wheel Opening Moulding Retainers",,50 Pcs.,Ford # W705955-S300; G.M. # 10146315
Retainers Shield,9345PK,"1/4"" (6.30mm) Hole Size 1 7/16"" Stem Length 1"" Head Diameter","1/4"" (6.30mm) Hole Size 1 7/16"" Stem Length 1"" Head Diameter Black Nylon Shield Retainers",Black Nylon,25 Pcs.,G.M. # 14027471
Retainers Shield,16398PK,"1/4"" (6.50mm) Hole Size 21mm Stem Length 25mm Head Diameter","1/4"" (6.50mm) Hole Size 21mm Stem Length 25mm Head Diameter Black Nylon Headliner Retainers",Black Nylon,25 Pcs.,G.M. # 13475541
Retainers Shield,1408PK,"9/32"" (7mm) Hole Size 9/16"" Stem Length 13/32 x 1"" Head Size","9/32"" (7mm) Hole Size 9/16"" Stem Length 13/32 x 1"" Head Size Black Nylon Cowl Insulation Retainers",Black Nylon,25 Pcs.,Ford # 384051-S; G.M. # 480534
Retainers Shield,1644PK,"9/32"" (7mm) Hole Size 3/4"" Stem Length 15/16"" Head Diameter","9/32"" (7mm) Hole Size 3/4"" Stem Length 15/16"" Head Diameter Natural Nylon Interior Trim Panel Retainers",Natural Nylon,50 Pcs.,"Chrysler # 6003423; G.M. # 2048248, 208824"
Retainers Shield,5635PK,"9/32"" (7mm) Hole Size 20mm Stem Length 25mm Head Diameter 2.56 - 12.96mm Panel Range","9/32"" (7mm) Hole Size 20mm Stem Length 25mm Head Diameter 2.56 - 12.96mm Panel Range Black Nylon Interior Trim Retainers",Black Nylon,50 Pcs.,Chrysler # 6506788; Ford # N802734S; G.M. # 22718305
Retainers Shield,12014PK,"9/32"" (7mm) Hole Size 23mm Stem Length 18mm Head Diameter","9/32"" (7mm) Hole Size 23mm Stem Length 18mm Head Diameter Black Nylon Inside Fender Shield & Bumper Fascia Retainers",Black Nylon,25 Pcs.,G.M. # 94145515; Isuzu # 8941-455150
Retainers Shield,9374PK,"9/32"" (7mm) Hole Size 15/16"" Stem Length 25/32"" Head Diameter","9/32"" (7mm) Hole Size 15/16"" Stem Length 25/32"" Head Diameter Black Nylon Seat Back Shield Retainers General Motors",Black Nylon,25 Pcs.,G.M. # 20319841
Retainers Shield,9523PK,"9/32"" (7mm) Hole Size 1 3/32"" Stem Length 1 1/32"" Head Diameter","9/32"" (7mm) Hole Size 1 3/32"" Stem Length 1 1/32"" Head Diameter Black Nylon Headliner Retainers",Black Nylon,25 Pcs.,"Ford # W710923-S300; G.M. # 10229437, 10242316"
Retainers Shield,9132PK,"9/32"" (7mm) Hole Size 1 11/64"" Stem Length 3/4"" Head Diameter .055 - 1.00"" Panel Range","9/32"" (7mm) Hole Size 1 11/64"" Stem Length 3/4"" Head Diameter .055 - 1.00"" Panel Range Black Nylon Bumper Fascia Retainers",Black Nylon,25 Pcs.,Chrysler # 6503768; G.M. # 10185925
Retainers Shield,11023PK,"9/32"" (7mm) Hole Size 30mm Stem Length 14mm Head Diameter 2.00 - 21.00mm Panel Range","9/32"" (7mm) Hole Size 30mm Stem Length 14mm Head Diameter 2.00 - 21.00mm Panel Range Black Nylon Headlight Trim & Lift Gate Moulding Retainers",Black Nylon,25 Pcs.,G.M. # 10185866
Retainers Shield,9376PK,"9/32"" (7mm) Hole Size 33.50mm Stem Length 10mm Head Diameter","9/32"" (7mm) Hole Size 33.50mm Stem Length 10mm Head Diameter Black Nylon Bumper Cover Retainers",Black Nylon,25 Pcs.,G.M.
Retainers Shield,18827PK,"9/32"" (7.10mm) Hole Size 21mm Stem Length 25.40mm Head Diameter","9/32"" (7.10mm) Hole Size 21mm Stem Length 25.40mm Head Diameter Light Gray Headliner Retainers",,25 Pcs.,G.M. # 23218762
Retainers Shield,JL-33PK,"5/16"" (8mm) Hole Size 31/32"" Stem Length 3/4"" Head Diameter .145 - .530"" Panel Range 8862BPK    5/16"" (8mm) Hole Size 1 1/16"" Stem Length 3/4"" Head Diameter .090 - .815"" Panel Range","5/16"" (8mm) Hole Size 31/32"" Stem Length 3/4"" Head Diameter .145 - .530"" Panel Range Black Nylon Trim Panel Retainers 8862BPK    5/16"" (8mm) Hole Size 1 1/16"" Stem Length 3/4"" Head Diameter .090 - .815"" Panel Range Black Nylon Shield Retainers",Black Nylon,25 Pcs.,"Chrysler # 6501301; G.M. # 21094146, 21110201; G.M. # 15975244"
Retainers Shield,11869PK,"5/16"" (8mm) Hole Size 1 1/8"" Stem Length 1"" Head Diameter","5/16"" (8mm) Hole Size 1 1/8"" Stem Length 1"" Head Diameter Gray Nylon Headliner Shield Retainers General Motors",,25 Pcs.,G.M. # 15006827
Retainers Shield,12598PK,"5/16"" (8mm) Hole Size 32mm Stem Length 19mm Head Diameter","5/16"" (8mm) Hole Size 32mm Stem Length 19mm Head Diameter Black Nylon Pillar Cover Retainers",Black Nylon,10 Pcs.,G.M. # 15588078
Retainers Shield,9195PK,"5/16"" (8mm) Hole Size 1 7/16"" Overall Length 3/4"" Outside Diameter Washer","5/16"" (8mm) Hole Size 1 7/16"" Overall Length 3/4"" Outside Diameter Washer Black Nylon Radiator Grille Retainers",Black Nylon,25 Pcs.,G.M. # 15672328
Retainers Shield,11166PK,"5/16"" (8mm) Hole Size 37mm Stem Length 25mm Head Diameter","5/16"" (8mm) Hole Size 37mm Stem Length 25mm Head Diameter Tan Nylon Headliner Retainers",,25 Pcs.,G.M. # 10444839
Retainers Shield,10469PK,"23/64"" (9mm) Hole Size 20mm Stem Length 24mm Head Diameter 1.60 - 10.00mm Panel Range","23/64"" (9mm) Hole Size 20mm Stem Length 24mm Head Diameter 1.60 - 10.00mm Panel Range Black Nylon Front End Retainers",Black Nylon,25 Pcs.,"Chrysler # 6505667-AA; Ford # N811540-S, W705681-S300; G.M. # 22189414"
Retainers Shield,5710PK,"3/8"" (9.50mm) Hole Size 27/32"" Stem Length 1"" Head Diameter .115 - .565"" Panel Range","3/8"" (9.50mm) Hole Size 27/32"" Stem Length 1"" Head Diameter .115 - .565"" Panel Range Black Nylon Radiator Apron Panel Retainers",Black Nylon,25 Pcs.,G.M. # 1619321
Retainers Shield,9352PK,"3/8"" (9.50mm) Hole Size 57/64"" Stem Length 7/8"" Head Diameter","3/8"" (9.50mm) Hole Size 57/64"" Stem Length 7/8"" Head Diameter Black Nylon Front End Stone Shield Retainers",Black Nylon,25 Pcs.,Chrysler # 6503221; G.M. # 22512276
Retainers Shield,5648PK,"25/64"" (10mm) Hole Size 30mm Stem Length 22mm Head Diameter 1.19 - 20.20mm Panel Range","25/64"" (10mm) Hole Size 30mm Stem Length 22mm Head Diameter 1.19 - 20.20mm Panel Range Black Nylon Fascia Bumper Retainers",Black Nylon,50 Pcs.,Chrysler # 34202787; Ford # N804379-S; G.M. # 1631564
Retainers Shield,10672PK,"13/32"" (10.50mm) Hole Size 28mm Stem Length 21.50mm Head Diameter","13/32"" (10.50mm) Hole Size 28mm Stem Length 21.50mm Head Diameter Black Nylon Bumper Fascia Retainers General Motors",Black Nylon,15 Pcs.,G.M. # 11518201
Retainers Shield,9493PK,"13/32"" (10.50mm) Hole Size 1 7/16"" Stem Length 1"" Head Diameter","13/32"" (10.50mm) Hole Size 1 7/16"" Stem Length 1"" Head Diameter Black Nylon Firewall Insulation Retainers",Black Nylon,25 Pcs.,AMC # 4001934; G.M. # 7642589
Retainers Trim Panel,9763PK,"1/2"" (12.50mm) Hole Size 15mm Stem Length 25mm Head Diameter 3.20 - 5.00mm Panel Range","1/2"" (12.50mm) Hole Size 15mm Stem Length 25mm Head Diameter 3.20 - 5.00mm Panel Range Black Nylon Bumper Fascia Retainers",Black Nylon,25 Pcs.,Chrysler # 65058686AA; G.M. # 15056810
Retainers Trim Panel,16392PK,8.25 x 17.50mm Slot Size 8.60mm Stem Length 16.00 x 22.00mm Head Size,8.25 x 17.50mm Slot Size 8.60mm Stem Length 16.00 x 22.00mm Head Size White Nylon Trim Retainers,White Nylon,25 Pcs.,G.M. # 11603036
Clips Hood Rod Prop,16062PK,9mm Stem Length 12.00 x 22.00mm Top Head Size,9mm Stem Length 12.00 x 22.00mm Top Head Size Black Nylon Headliner Retainers,Black Nylon,15 Pcs.,"G.M. # 11547523, 11601777"
Hood Prop Rod Clips,10084PK,7mm Rod Size 10mm Hole Size,7mm Rod Size 10mm Hole Size Natural Nylon,Natural Nylon,25 Pcs.,Chrysler # 5027550AB; G.M. # 15021761
Retainers Hood Seal,10082PK,"5/16"" Rod Size","5/16"" Rod Size Natural Nylon",Natural Nylon,15 Pcs.,G.M. # 21097292
Hood Seal Retaining Clips,1996PK,"13/64"" (5mm) Hole Size 11mm Stem Length 13mm Head Diameter","13/64"" (5mm) Hole Size 11mm Stem Length 13mm Head Diameter Black Nylon",Black Nylon,50 Pcs.,"G.M. # 94842841, 94849113; Toyota # 90467-08004, 90467-08011"
Retainers Hood Seal,9520PK,"5/16"" (8mm) Hole Size 21/32"" Stem Length 5/8"" Head Diameter","5/16"" (8mm) Hole Size 21/32"" Stem Length 5/8"" Head Diameter Black Nylon General Motors",Black Nylon,25 Pcs.,G.M. # 22567463
Retainers Hood Insulation,5995PK,"5/16"" (8mm) Hole Size 1 7/16"" Stem Length 3/4"" Head Diameter .055 - 1.05"" Panel Range","5/16"" (8mm) Hole Size 1 7/16"" Stem Length 3/4"" Head Diameter .055 - 1.05"" Panel Range Black Nylon",Black Nylon,25 Pcs.,"G.M. # 14074081, 15552345, 1699250"
Hood Insulation Retainers,2167PK,"1/4"" (6.30mm) Hole Size 12.50mm Stem Length 30mm Head Diameter","1/4"" (6.30mm) Hole Size 12.50mm Stem Length 30mm Head Diameter Black Nylon",Black Nylon,50 Pcs.,Chrysler # 6502842; G.M. # 21039129
Hood Insulation Clips,1930PK,"1/4"" (6.30mm) Hole Size 3/4"" Stem Length 1 5/8"" Head Diameter","1/4"" (6.30mm) Hole Size 3/4"" Stem Length 1 5/8"" Head Diameter Black Nylon",Black Nylon,25 Pcs.,G.M. # 20064875
Hood Insulation Retainers,5440PK,"1/4"" (6.30mm) Hole Size 3/4"" Stem Length 2"" Head Diameter","1/4"" (6.30mm) Hole Size 3/4"" Stem Length 2"" Head Diameter Black Nylon",Black Nylon,25 Pcs.,"G.M. # 3078511, 3977775"
Retainers Hood Insulation,10393PK,"9/32"" (7mm) Hole Size 13mm Stem Length 40mm Head Diameter","9/32"" (7mm) Hole Size 13mm Stem Length 40mm Head Diameter Black Nylon General Motors",Black Nylon,25 Pcs.,"G.M. # 21039141, 15678493"
Hood Insulation Retainers,12172PK,"9/32"" (7mm) Hole Size 15mm Stem Length 30mm Head Diameter","9/32"" (7mm) Hole Size 15mm Stem Length 30mm Head Diameter Black Nylon",Black Nylon,25 Pcs.,G.M. # 11571159
Hood Insulation Retainers,1929PK,"9/32"" (7mm) Hole Size 25mm Stem Length 35mm Head Diameter","9/32"" (7mm) Hole Size 25mm Stem Length 35mm Head Diameter Black Polypropylene",,25 Pcs.,G.M. # 20030401
Hood Insulation Retainers,12072PK,"9/32"" (7.10mm) Hole Size 17mm Stem Length 28mm Head Diameter","9/32"" (7.10mm) Hole Size 17mm Stem Length 28mm Head Diameter Black Nylon",Black Nylon,25 Pcs.,G.M. # 15989431
Retainers Weatherstrip,15696PK,"5/16"" (8mm) Hole Size 16mm Stem Length 32mm Head Diameter","5/16"" (8mm) Hole Size 16mm Stem Length 32mm Head Diameter Black Nylon",Black Nylon,10 Pcs.,G.M. # 11611677
Retainers Weatherstrip,9863PK,"1/8"" (3.30mm) Hole Size 13/32"" Stem Length 3/8"" Head Diameter","1/8"" (3.30mm) Hole Size 13/32"" Stem Length 3/8"" Head Diameter Black Nylon Weatherstrip Retainers",Black Nylon,100 Pcs.,"G.M. # 8731909, 4841194"
Retainers Weatherstrip,18247PK,"9/64"" (3.50mm) Hole Size 7/16"" Stem Length 13/32"" Flange Diameter","9/64"" (3.50mm) Hole Size 7/16"" Stem Length 13/32"" Flange Diameter Black Nylon Weatherstrip Retainers",Black Nylon,100 Pcs.,G.M. # 4801268
Retainers Weatherstrip,10657PK,"11/64"" (4.20mm) Hole Size 12mm Stem Length 11mm Head Diameter","11/64"" (4.20mm) Hole Size 12mm Stem Length 11mm Head Diameter Black Nylon Weatherstrip Retainers General Motors",Black Nylon,50 Pcs.,Chrysler # 6104908-AA; G.M. # 20538173; Mercedes # 002-997-33-86
Retainers Weatherstrip,1991PK,"11/64"" (4.50mm) Hole Size 12mm Stem Length 4.75 x 13.50mm Head Size 3/16"" (4.80mm) Hole Size","11/64"" (4.50mm) Hole Size 12mm Stem Length 4.75 x 13.50mm Head Size Black Nylon Weatherstrip Retainers 3/16"" (4.80mm) Hole Size",Black Nylon,100 Pcs.,G.M. # 4876498
Retainers Weatherstrip,5605PK,"21/64"" Stem Length 7/16"" Head Diameter .080 - .200"" Panel Range","21/64"" Stem Length 7/16"" Head Diameter .080 - .200"" Panel Range Black Nylon Weatherstrip Retainers",Black Nylon,25 Pcs.,G.M. # 10169777
Retainers Weatherstrip,JL-32PK,"3/16"" (4.80mm) Hole Size 17/32"" Stem Length 3/8"" Head Diameter .125 - .310"" Panel Range","3/16"" (4.80mm) Hole Size 17/32"" Stem Length 3/8"" Head Diameter .125 - .310"" Panel Range Black Nylon Weatherstrip Retainers",Black Nylon,25 Pcs.,G.M. # 2964547
Retainers Weatherstrip,16451PK,"13/64"" (5mm) Hole Size 8mm Stem Length 6.50 x 14.00mm Head Size","13/64"" (5mm) Hole Size 8mm Stem Length 6.50 x 14.00mm Head Size Natural Nylon Weatherstrip Retainers",Natural Nylon,100 Pcs.,G.M. # 11611342
Door Weatherstrip Retainers,16448PK,"13/64"" (5mm) Hole Size 4.70 x 7.00mm Stem Size 6.50 x 14.00mm Top Head Size","13/64"" (5mm) Hole Size 4.70 x 7.00mm Stem Size 6.50 x 14.00mm Top Head Size Green Nylon",,25 Pcs.,G.M. # 11611664
Door Weatherstrip Retainers,2016PK,"13/64"" (5mm) Hole Size 10.50mm Stem Length 6.50 x 16.50mm Head Size","13/64"" (5mm) Hole Size 10.50mm Stem Length 6.50 x 16.50mm Head Size White Nylon Weatherstrip Retainers",White Nylon,50 Pcs.,Chrysler # 4696129; G.M. # 21077575
Door Weatherstrip Retainers,10664PK,"13/64"" (5mm) Hole Size 10.50mm Stem Length 10.90mm Top Head Diameter","13/64"" (5mm) Hole Size 10.50mm Stem Length 10.90mm Top Head Diameter Natural Nylon Weatherstrip Retainers",Natural Nylon,50 Pcs.,G.M.
Door Weatherstrip Retainers,JL-23PK,"13/64"" (5mm) Hole Size 11.50mm Stem Length 10mm Head Diameter .030 - .285"" Panel Range","13/64"" (5mm) Hole Size 11.50mm Stem Length 10mm Head Diameter .030 - .285"" Panel Range Black Nylon Weatherstrip Retainers",Black Nylon,50 Pcs.,G.M. # 20699808
Door Weatherstrip Retainers,5609PK,"13/64"" (5mm) Hole Size 5/8"" Stem Length 19/32"" Head Diameter .030 - .365"" Panel Range","13/64"" (5mm) Hole Size 5/8"" Stem Length 19/32"" Head Diameter .030 - .365"" Panel Range Black Nylon Weatherstrip Retainers",Black Nylon,50 Pcs.,Chrysler # 4658673; G.M. # 10293674
Retainers Weatherstrip,10974PK,"13/64"" (5mm) Hole Size 9mm Stem Length 5.00 x 15.00mm Head Size","13/64"" (5mm) Hole Size 9mm Stem Length 5.00 x 15.00mm Head Size Natural Nylon Weatherstrip Retainers General Motors",Natural Nylon,100 Pcs.,"G.M. # 10283414, 10405030"
Retainers Weatherstrip,10462PK,"15/64"" (6mm) Hole Size 15.50mm Stem Length 12.60mm Head Diameter .80 - 8.00mm Panel Range","15/64"" (6mm) Hole Size 15.50mm Stem Length 12.60mm Head Diameter .80 - 8.00mm Panel Range Black Nylon Weatherstrip Retainers",Black Nylon,50 Pcs.,Ford # N811040-S; G.M. # 10293193
Retainers Push Type,11906PK,"9/32"" (7.10mm) Hole Size 5/8"" Stem Length 1/2"" Head Diameter","9/32"" (7.10mm) Hole Size 5/8"" Stem Length 1/2"" Head Diameter Black Nylon Weatherstrip Retainers",Black Nylon,25 Pcs.,G.M. # 390126-S
Door Handle Attachment,10425PK,"13/64"" (5mm) Hole Size 10mm Stem Length 7mm Flange Diameter","13/64"" (5mm) Hole Size 10mm Stem Length 7mm Flange Diameter Black Nylon Push Type Retainers",Black Nylon,25 Pcs.,G.M. # 21077405
Door Handle,9859PK,"13/64"" (5mm) Hole Size 10mm Stem Length 7mm Flange Diameter","13/64"" (5mm) Hole Size 10mm Stem Length 7mm Flange Diameter Black Nylon Push Type Retainers",Black Nylon,25 Pcs.,G.M. # 21097229
Door Handle,1310PK,"13/64"" (5mm) Hole Size 15/32"" Stem Length 3/8"" Head Diameter","13/64"" (5mm) Hole Size 15/32"" Stem Length 3/8"" Head Diameter Black Nylon Tail Light Push Type Retainers",Black Nylon,25 Pcs.,Chrysler # 6500787; G.M. # 16500308
Body Side Moulding,16084PK,"7/32"" (5.60mm) Hole Size 12.70mm Stem Length 9.50mm Head Size","7/32"" (5.60mm) Hole Size 12.70mm Stem Length 9.50mm Head Size Black Nylon Push Type Retainers",Black Nylon,25 Pcs.,G.M. # 20363491
Body Side Moulding,9947PK,"15/64"" (6mm) Hole Size 14mm Stem Length 14mm Head Diameter","15/64"" (6mm) Hole Size 14mm Stem Length 14mm Head Diameter Black Nylon Push Type Retainers",Black Nylon,25 Pcs.,"G.M. # 21047094, 21110145"
Retainers Push Type,9617PK,"15/64"" (6mm) Hole Size 16mm Stem Length 17mm Flange Diameter","15/64"" (6mm) Hole Size 16mm Stem Length 17mm Flange Diameter Black Nylon Radiator & Fender Push Type Retainers General Motors",Black Nylon,25 Pcs.,Chrysler # 6506008-AA; Ford # W709176-S300; G.M. # 15149708
Retainers Push Type,9320PK,"15/64"" (6mm) Hole Size 23mm Stem Length 15mm Flange Diameter","15/64"" (6mm) Hole Size 23mm Stem Length 15mm Flange Diameter Black Nylon Push Type Fascia Retainers",Black Nylon,50 Pcs.,"Chrysler # 4857108; Ford # N803709S; G.M. # 15681408, 25642453"
Retainers Push Type,17598PK,"1/4"" (6.30mm) Hole Size 13mm Stem Length 15mm Flange Diameter","1/4"" (6.30mm) Hole Size 13mm Stem Length 15mm Flange Diameter Black Nylon Push Type Retainers",Black Nylon,10 Pcs.,"G.M. # 96057846; Hyundai # 86155-2200; Toyota # 90467-07041, 90467-07041-B2,"
Retainers Push Type,5675PK,"1/4"" (6.30mm) Hole Size 9/16"" Stem Length 11/16"" Flange Diameter","1/4"" (6.30mm) Hole Size 9/16"" Stem Length 11/16"" Flange Diameter Black Nylon Front Fender Mud Skirt & Liner Push Type Retainer",Black Nylon,50 Pcs.,"AMC # 8934-201-621; AMC/Jeep # 6503454; Chrysler # 34201621, 6504090; Ford # E308-4A163CA; G.M. # 14019205, 14019206"
Retainers Push Type,1087PK,"1/4"" (6.30mm) Hole Size 5/8"" Stem Length 11/16"" Flange Diameter","1/4"" (6.30mm) Hole Size 5/8"" Stem Length 11/16"" Flange Diameter Black Nylon Push Type Retainers",Black Nylon,50 Pcs.,Chrysler # 6031390; G.M. # 472434
Retainers Push Type,9559PK,"1/4"" (6.30mm) Hole Size 3/4"" Stem Length 19/32"" Flange Diameter","1/4"" (6.30mm) Hole Size 3/4"" Stem Length 19/32"" Flange Diameter Black Nylon Wheel Moulding Push Type Retainers",Black Nylon,25 Pcs.,"Chrysler # 6509103AA, 6509103-AA; Ford # W705436-S300; G.M. # 21077123, 20730531"
Retainers Push Type,2045PK,"1/4"" (6.30mm) Hole Size 13/16"" Stem Length 11/16"" Flange Diameter","1/4"" (6.30mm) Hole Size 13/16"" Stem Length 11/16"" Flange Diameter Black Nylon Push Type Retainers",Black Nylon,25 Pcs.,"Chrysler # 6501925; Ford # F50C-9E728-AA; G.M. # 10134407, 15990756"
Retainers Push Type,18221PK,"1/4"" (6.30mm) Hole Size 7/8"" Stem Length 11/16"" Flange Diameter","1/4"" (6.30mm) Hole Size 7/8"" Stem Length 11/16"" Flange Diameter Black Nylon Body Push Type Retainers General Motors",Black Nylon,25 Pcs.,Chrysler # 34202672; Ford # N803362-S; G.M. # 20510029
Retainers Push Type,5935PK,"1/4"" (6.30mm) Hole Size 7/8"" Stem Length 1"" Flange Diameter","1/4"" (6.30mm) Hole Size 7/8"" Stem Length 1"" Flange Diameter Black Nylon Splash Shield Push Type Retainers N802781-S",Black Nylon,25 Pcs.,"Chrysler # 55176248; Ford # 802781-S, W704340-S300,; G.M. # 14093088"
Retainers Push Type,9745PK,"1/4"" (6.30mm) Hole Size 1 1/8"" Stem Length 3/4"" Flange Diameter","1/4"" (6.30mm) Hole Size 1 1/8"" Stem Length 3/4"" Flange Diameter Black Nylon Push Type Retainers",Black Nylon,25 Pcs.,G.M. # 3540858
Retainers Push Type,10368PK,"1/4"" (6.50mm) Hole Size 17.50mm Stem Length 18mm Flange Diameter 2.00 - 4.50mm Panel Range","1/4"" (6.50mm) Hole Size 17.50mm Stem Length 18mm Flange Diameter 2.00 - 4.50mm Panel Range Black Nylon Push Type Retainers",Black Nylon,25 Pcs.,Chrysler # 6508863AA; Ford # W713610-S300; G.M. # 11589289
Retainers Push Type,10369PK,"1/4"" (6.50mm) Hole Size 20mm Stem Length 18mm Flange Diameter 4.50 - 7.00mm Panel Range","1/4"" (6.50mm) Hole Size 20mm Stem Length 18mm Flange Diameter 4.50 - 7.00mm Panel Range Black Nylon Push Type Retainers",Black Nylon,50 Pcs.,Chrysler # 6509049-AA; Ford # W714040-S300; G.M. # 11589290
Retainers Push Type,10367PK,"1/4"" (6.50mm) Hole Size 22mm Stem Length 18mm Flange Diameter 7.00 - 9.50mm Panel Range","1/4"" (6.50mm) Hole Size 22mm Stem Length 18mm Flange Diameter 7.00 - 9.50mm Panel Range Black Nylon Push Type Retainers",Black Nylon,25 Pcs.,Ford # W713331-S300; G.M. # 11589291
Retainers Push Type,12283PK,"1/4"" (6.50mm) Hole Size 22mm Stem Length 18mm Flange Diameter","1/4"" (6.50mm) Hole Size 22mm Stem Length 18mm Flange Diameter Black Nylon With Sealer Cowl Vent Retainers",Black Nylon,15 Pcs.,G.M. # 95230842
Retainers Push Type,10450PK,"9/32"" (7mm) Hole Size 7.50mm Stem Length 18mm Flange Diameter","9/32"" (7mm) Hole Size 7.50mm Stem Length 18mm Flange Diameter Black Nylon Front Fender Liner Push Type Retainers",Black Nylon,10 Pcs.,G.M. # 88970767; Toyota # 90467-10183
Retainers Push Type,18789PK,"9/32"" (7mm) Hole Size 9mm Stem Length 14mm Head Diameter","9/32"" (7mm) Hole Size 9mm Stem Length 14mm Head Diameter Black Nylon Push Type Retainers General Motors",Black Nylon,10 Pcs.,Ford # N807673-S; G.M. # 25612368
Retainers Push Type,14996PK,"9/32"" (7mm) Hole Size 12mm Stem Length 16mm Head Diameter","9/32"" (7mm) Hole Size 12mm Stem Length 16mm Head Diameter Black Nylon Liftgate & Garnish Moulding Push Type Retainers",Black Nylon,15 Pcs.,G.M. # 21035345
Retainers Push Type,10410PK,"9/32"" (7mm) Hole Size 14mm Stem Length 11mm Flange Diameter","9/32"" (7mm) Hole Size 14mm Stem Length 11mm Flange Diameter Black Nylon Radiator Grille Retainers",Black Nylon,10 Pcs.,"G.M. # 96057847, 94847334; Suzuki # 09409-07313, 90467-07313; Toyota # 90467-07066, 90467-07066-J0"
Retainers Push Type,13094PK,"9/32"" (7mm) Hole Size 14mm Stem Length 21mm Flange Diameter","9/32"" (7mm) Hole Size 14mm Stem Length 21mm Flange Diameter Black Nylon Headliner Push Type Retainers",Black Nylon,25 Pcs.,G.M. # 11547047
Retainers Push Type,9369PK,"9/32"" (7.10mm) Hole Size 7/8"" Stem Length 11/16"" Flange Diameter","9/32"" (7.10mm) Hole Size 7/8"" Stem Length 11/16"" Flange Diameter Black Nylon Exterior Body Push Type Retainers",Black Nylon,25 Pcs.,G.M. # 20590899
Retainers Push Type,10660PK,"5/16"" (8mm) Hole Size 9.30mm Stem Length 16mm Head Diameter","5/16"" (8mm) Hole Size 9.30mm Stem Length 16mm Head Diameter Black Nylon Weatherstrip Retainers",Black Nylon,50 Pcs.,G.M.
Retainers Push Type,10421PK,"5/16"" (8mm) Hole Size 10mm Stem Length 15mm Head Diameter","5/16"" (8mm) Hole Size 10mm Stem Length 15mm Head Diameter Natural Nylon With Sealer Radiator Grille Retainers",Natural Nylon,25 Pcs.,"G.M. # 94848834; Toyota # 62955-20020, 62955-12010"
Retainers Push Type,18167PK,"5/16"" (8mm) Hole Size 15mm Stem Length 20mm Head Diameter","5/16"" (8mm) Hole Size 15mm Stem Length 20mm Head Diameter Black Nylon Front Fender Retainers",Black Nylon,50 Pcs.,G.M. # 11546805
Retainers Push Type,5676PK,"5/16"" (8mm) Hole Size 13.50mm Stem Length 17mm Flange Diameter","5/16"" (8mm) Hole Size 13.50mm Stem Length 17mm Flange Diameter Black Nylon Radiator Push Type Retainers",Black Nylon,25 Pcs.,"Chrysler # 175720B010; Ford # 04388293; G.M. # 14071289, 14019226"
Retainers Push Type,12724PK,"5/16"" (8mm) Hole Size 15mm Stem Length 15.00 x 19.00mm Flange","5/16"" (8mm) Hole Size 15mm Stem Length 15.00 x 19.00mm Flange Black Nylon General Motors",Black Nylon,25 Pcs.,G.M. # 14032200
Retainers Push Type,15359PK,"5/16"" (8mm) Hole Size 19/32"" Stem Length 21/32"" Flange Diameter","5/16"" (8mm) Hole Size 19/32"" Stem Length 21/32"" Flange Diameter Black Nylon Push Type Retainer",Black Nylon,25 Pcs.,G.M. # 14039420
Retainers Push Type,10370PK,"5/16"" (8mm) Hole Size 16mm Stem Length 19mm Flange Diameter 5.00 - 7.00mm Panel Range","5/16"" (8mm) Hole Size 16mm Stem Length 19mm Flange Diameter 5.00 - 7.00mm Panel Range Black Nylon Push Type Retainers",Black Nylon,25 Pcs.,Chrysler # 5116530AA; G.M. # 15296830
Retainers Push Type,1861PK,"5/16"" (8mm) Hole Size 20mm Stem Length 15mm Flange Diameter","5/16"" (8mm) Hole Size 20mm Stem Length 15mm Flange Diameter Black Nylon Rocker Panel Retainers",Black Nylon,25 Pcs.,Chrysler # 6504555; Ford # F3LB-14K056-AA; G.M. # 21075686
Retainers Push Type,1860PK,"5/16"" (8mm) Hole Size 20mm Stem Length 20mm Flange Diameter","5/16"" (8mm) Hole Size 20mm Stem Length 20mm Flange Diameter Black Nylon Air Baﬄe Push Type Retainers",Black Nylon,25 Pcs.,"Chrysler # 6503598; Ford # N807389S, 807389S; G.M. # 21030249, 15969147"
Retainers Push Type,5940PK,"5/16"" (8mm) Hole Size 7/8"" Stem Length 1"" Flange Diameter","5/16"" (8mm) Hole Size 7/8"" Stem Length 1"" Flange Diameter Black Nylon Splash Shield Push Type Retainers",Black Nylon,25 Pcs.,"Ford # N804614S, N803934-S; G.M. # 20570245, 20635065"
Retainers Push Type,10504PK,"5/16"" (8mm) Hole Size 26mm Stem Length 20mm Flange Diameter","5/16"" (8mm) Hole Size 26mm Stem Length 20mm Flange Diameter Black Nylon Fender Shield Push Type Retainers",Black Nylon,15 Pcs.,Ford # W708530-S300; G.M. # 11518017
Retainers Push Type,10669PK,"5/16"" (8mm) Hole Size 27mm Stem Length 16.50mm Flange Diameter","5/16"" (8mm) Hole Size 27mm Stem Length 16.50mm Flange Diameter Black Nylon Rear Wheel Apron & Bumper Push Type Retainers",Black Nylon,25 Pcs.,Chrysler # 04596357AA; G.M. # 15994165
Retainers Push Type,9357PK,"5/16"" (8mm) Hole Size 28mm Stem Length 20mm Flange Diameter","5/16"" (8mm) Hole Size 28mm Stem Length 20mm Flange Diameter Black Nylon Bumper Fascia Retainers General Motors",Black Nylon,25 Pcs.,G.M. # 21095797
Retainers Push Type,9184PK,"5/16"" (8mm) Hole Size 29mm Stem Length 15mm Head Diameter","5/16"" (8mm) Hole Size 29mm Stem Length 15mm Head Diameter Black Nylon Rocker Moulding Push Type Retainers",Black Nylon,25 Pcs.,"G.M. # 10207146, 21077323"
Retainers Push Type,10673PK,"5/16"" (8mm) Hole Size 30mm Stem Length 25mm Flange Diameter","5/16"" (8mm) Hole Size 30mm Stem Length 25mm Flange Diameter Black Nylon Bumper Cover Retainers",Black Nylon,10 Pcs.,"G.M. # 11561874; Nissan # 622A2-9E000A, 622A2-9E000"
Retainers Push Type,10239PK,"21/64"" (8.30mm) Hole Size 14mm Stem Length 19mm Flange Diameter 2.70 - 5.30mm Panel Range","21/64"" (8.30mm) Hole Size 14mm Stem Length 19mm Flange Diameter 2.70 - 5.30mm Panel Range Black Nylon Push Type Retainers",Black Nylon,50 Pcs.,Ford # W715537-S300; G.M. # 11609417
Retainers Push Type,13089PK,"21/64"" (8.50mm) Hole Size 12mm Stem Length 20mm Flange Diameter","21/64"" (8.50mm) Hole Size 12mm Stem Length 20mm Flange Diameter Black Nylon Front Fender & Body Side Liner Push Type Retainers",Black Nylon,25 Pcs.,G.M. # 11612035
Retainers Push Type,10371PK,"21/64"" (8.50mm) Hole Size 20.50mm Stem Length 20mm Flange Diameter 2.00 - 4.50mm Panel Range","21/64"" (8.50mm) Hole Size 20.50mm Stem Length 20mm Flange Diameter 2.00 - 4.50mm Panel Range Black Nylon Push Type Retainers",Black Nylon,25 Pcs.,G.M. # 11589292
Retainers Push Type,10374PK,"21/64"" (8.50mm) Hole Size 22mm Stem Length 20mm Flange Diameter 4.50 - 7.00mm Panel Range","21/64"" (8.50mm) Hole Size 22mm Stem Length 20mm Flange Diameter 4.50 - 7.00mm Panel Range Black Nylon Push Type Retainers",Black Nylon,25 Pcs.,Ford # W712196S300; G.M. # 11589293
Retainers Push Type,10372PK,"21/64"" (8.50mm) Hole Size 24mm Stem Length 20mm Flange Diameter 7.00 - 10.00mm Panel Range","21/64"" (8.50mm) Hole Size 24mm Stem Length 20mm Flange Diameter 7.00 - 10.00mm Panel Range Black Nylon Push Type Retainers",Black Nylon,25 Pcs.,G.M. # 11589294
Retainers Push Type,13234PK,"23/64"" (9mm) Hole Size 13mm Stem Length 24.50mm Flange Diameter","23/64"" (9mm) Hole Size 13mm Stem Length 24.50mm Flange Diameter Black Nylon Sight Shield & Trim Push Type Retainers General Motors",Black Nylon,10 Pcs.,G.M. # 10382313
Retainers Push Type,10247PK,"23/64"" (9mm) Hole Size 21mm Stem Length 20mm Flange Diameter","23/64"" (9mm) Hole Size 21mm Stem Length 20mm Flange Diameter Black Nylon Rear Bumper Cover Push Type Retainers",Black Nylon,25 Pcs.,G.M. # 15153415
Retainers Push Type,9327PK,"23/64"" (9mm) Hole Size 28mm Stem Length 18mm Flange Diameter","23/64"" (9mm) Hole Size 28mm Stem Length 18mm Flange Diameter Black Nylon Rear Bumper Cover Push Type Retainers ~®·- - - - - - - - - - - - - -",Black Nylon,4 Pcs.,"G.M. # 94858560; Toyota # 52161-16010, 52161-02020,"
Retainers Push Type,5677PK,"3/8"" (9.50mm) Hole Size 11/16"" Stem Length 1"" Flange Diameter","3/8"" (9.50mm) Hole Size 11/16"" Stem Length 1"" Flange Diameter Black Nylon Fascia Blind Rivets",Black Nylon,25 Pcs.,Chrysler # 55074801; G.M. # 14045480
Retainers Push Type,9935PK,"3/8"" (9.50mm) Hole Size 18mm Stem Length 17mm Flange Diameter","3/8"" (9.50mm) Hole Size 18mm Stem Length 17mm Flange Diameter Black Nylon Front Bumper Fascia Push Type Retainers",Black Nylon,25 Pcs.,"G.M. # 1636632, 20687704"
Retainers Push Type,10375PK,"3/8"" (9.50mm) Hole Size 20mm Stem Length 18mm Flange Diameter 3.00 - 5.80mm Panel Range","3/8"" (9.50mm) Hole Size 20mm Stem Length 18mm Flange Diameter 3.00 - 5.80mm Panel Range Black Nylon Push Type Retainers",Black Nylon,25 Pcs.,Chrysler # 6508712AA; G.M. # 11561368
Retainers Push Type,9370PK,"3/8"" (9.50mm) Hole Size 23mm Stem Length 18mm Flange Diameter","3/8"" (9.50mm) Hole Size 23mm Stem Length 18mm Flange Diameter Black Nylon Front Bumper Fascia Retainers",Black Nylon,25 Pcs.,"G.M. # 15993201, 10157900, 11517803"
Retainers Push Type,10674PK,"3/8"" (9.50mm) Hole Size 15/16"" Stem Length 1"" Flange Diameter 5/32"" Shoulder Length","3/8"" (9.50mm) Hole Size 15/16"" Stem Length 1"" Flange Diameter 5/32"" Shoulder Length Black Nylon Rear Bumper Fascia Retainers",Black Nylon,25 Pcs.,G.M. # 22587036
Retainers Push Type,11165PK,"25/64"" (10mm) Hole Size 12mm Stem Length 26mm Flange Diameter","25/64"" (10mm) Hole Size 12mm Stem Length 26mm Flange Diameter Black Nylon Fuel Tank Shield Push Type Retainers General Motors",Black Nylon,25 Pcs.,G.M. # 22718369
Retainers Push Type,9687PK,"25/64"" (10mm) Hole Size 13.50mm Stem Length 20mm Flange Diameter","25/64"" (10mm) Hole Size 13.50mm Stem Length 20mm Flange Diameter Black Nylon Radiator Grille Push Type Retainers",Black Nylon,15 Pcs.,Chrysler # 6509761-AA; G.M. # 24512415
Retainers Push Type,15003PK,"25/64"" (10mm) Hole Size 18mm Stem Length 27mm Flange Diameter","25/64"" (10mm) Hole Size 18mm Stem Length 27mm Flange Diameter Black Nylon Radiator Support Push Type Retainers",Black Nylon,15 Pcs.,G.M. # 25695687
Retainers Push Type,2026PK,"25/64"" (10mm) Hole Size 20mm Stem Length 20mm Flange Diameter","25/64"" (10mm) Hole Size 20mm Stem Length 20mm Flange Diameter Black Nylon Front Bumper Fascia Retainers",Black Nylon,25 Pcs.,G.M. # 10108746
Retainers Push Type,10502PK,"25/64"" (10mm) Hole Size 26mm Stem Length 18mm Flange Diameter","25/64"" (10mm) Hole Size 26mm Stem Length 18mm Flange Diameter Black Nylon Bumper Cover Push Type Retainers",Black Nylon,25 Pcs.,"G.M. # 11519444, 11517803, 4857753AA"
Retainers Push Type,11257PK,"25/64"" (10mm) Hole Size 36mm Stem Length 24.50mm Top Flange Diameter","25/64"" (10mm) Hole Size 36mm Stem Length 24.50mm Top Flange Diameter Natural Nylon Front Bumper Deﬂector Retainers",Natural Nylon,15 Pcs.,G.M. # 10426555
Retainers Push Type,10377PK,"13/32"" (10.50mm) Hole Size 20mm Stem Length 25mm Flange Diameter 3.00 - 6mm Panel Range","13/32"" (10.50mm) Hole Size 20mm Stem Length 25mm Flange Diameter 3.00 - 6mm Panel Range Black Nylon Push Type Retainers",Black Nylon,15 Pcs.,Chrysler # 5GUU9K11BA; Ford # W712665-S300; G.M. # 11589295
Retainers Push Type,10378PK,"13/32"" (10.50mm) Hole Size 23mm Stem Length 25mm Flange Diameter 6.00 - 9.00mm Panel Range","13/32"" (10.50mm) Hole Size 23mm Stem Length 25mm Flange Diameter 6.00 - 9.00mm Panel Range Black Nylon Push Type Retainers",Black Nylon,15 Pcs.,G.M. # 11589296
Retainers Push Type,9592PK,"7/16"" (11mm) Hole Size 2"" Stem Length 1 3/16"" Flange Diameter","7/16"" (11mm) Hole Size 2"" Stem Length 1 3/16"" Flange Diameter Black Nylon Fascia Push Type Retainers General Motors",Black Nylon,10 Pcs.,G.M. # 214077131; Nissan # 01553-0161U
Retainers Push Type,5672PK,"1/2"" (12.70mm) Hole Size 3/4"" Stem Length 1"" Flange Diameter 1/8"" Shoulder Length","1/2"" (12.70mm) Hole Size 3/4"" Stem Length 1"" Flange Diameter 1/8"" Shoulder Length Black Nylon Fascia Push Type Retainers",Black Nylon,25 Pcs.,G.M. # 5973400
Retainers Push Type,1234PK,"1/2"" (12.70mm) Hole Size 25/32"" Stem Length 7/8"" Flange Diameter 5/32"" Shoulder Length","1/2"" (12.70mm) Hole Size 25/32"" Stem Length 7/8"" Flange Diameter 5/32"" Shoulder Length Blue Nylon Fascia Push Type Retainers",,25 Pcs.,G.M. # 5973823
Retainers Push Type,10714PK,"1/2"" (12.70mm) Hole Size 15/16"" Stem Length 1"" Flange Diameter 7/64"" Shoulder Length","1/2"" (12.70mm) Hole Size 15/16"" Stem Length 1"" Flange Diameter 7/64"" Shoulder Length Black Nylon Plastic Cover On Engine Push Type Retainers",Black Nylon,25 Pcs.,G.M. # 14101262
Retainers Push Type,11112PK,"1/2"" (12.70mm) Hole Size 15/16"" Stem Length 1 1/8 x 1 3/4"" Flange Size","1/2"" (12.70mm) Hole Size 15/16"" Stem Length 1 1/8 x 1 3/4"" Flange Size Black Nylon Front Bumper Fascia Push Type Retainers",Black Nylon,10 Pcs.,G.M. # 22659122
Retainers Push Type,5680PK,"1/2"" (12.70mm) Hole Size 1"" Stem Length 1"" Flange Diameter 3mm Shoulder Length","1/2"" (12.70mm) Hole Size 1"" Stem Length 1"" Flange Diameter 3mm Shoulder Length Black Nylon Fascia Push Type Retainers",Black Nylon,25 Pcs.,G.M. # 22535007
Retainers Push Type,1448PK,"1/2"" (12.70mm) Hole Size 1 3/64"" Stem Length 7/8"" Flange Diameter 3/16"" Shoulder Length","1/2"" (12.70mm) Hole Size 1 3/64"" Stem Length 7/8"" Flange Diameter 3/16"" Shoulder Length Black Nylon Bumper Fascia Retainers",Black Nylon,25 Pcs.,G.M. # 14103461
Retainers Push Type,1447PK,"1/2"" (12.70mm) Hole Size 1 1/8"" Stem Length 1"" Flange Diameter 1/4"" Shoulder Length","1/2"" (12.70mm) Hole Size 1 1/8"" Stem Length 1"" Flange Diameter 1/4"" Shoulder Length Black Nylon Bumper Fascia Push Type Retainers General Motors",Black Nylon,25 Pcs.,"Chrysler # 55022134; G.M. # 10077283, 14103438"
Retainers Push Type,10382PK,"1/2"" (12.70mm) Hole Size 1 5/8"" Stem Length 1"" Flange Diameter 9/64"" Shoulder Length","1/2"" (12.70mm) Hole Size 1 5/8"" Stem Length 1"" Flange Diameter 9/64"" Shoulder Length Black Nylon License Plate Push Type Retainers",Black Nylon,5 Pcs.,G.M. # 15959832
Retainers Push Type,15029PK,"1/2"" (12.70mm) Hole Size 44.50mm Stem Length 25.40mm Flange Diameter","1/2"" (12.70mm) Hole Size 44.50mm Stem Length 25.40mm Flange Diameter Gray Nylon Front License Bracket Push Type Retainers",,5 Pcs.,G.M. # 15959833
Retainers Push Type,10535PK,"19/32"" (15mm) Hole Size 13mm Stem Length 22mm Flange Diameter","19/32"" (15mm) Hole Size 13mm Stem Length 22mm Flange Diameter Black Nylon Rocker Moulding Push Type Retainers",Black Nylon,10 Pcs.,G.M. # 5480772
Retainers Push Type,9695PK,13mm Stem Length 28mm Flange Diameter Front Air Deﬂector Grommets,13mm Stem Length 28mm Flange Diameter Black Nylon Front Air Deﬂector Grommets,Black Nylon,25 Pcs.,Use With # 9694; G.M. # 15733970
Retainers Phillips Screw,9694PK,24mm Stem Length 30mm Flange Diameter,24mm Stem Length 30mm Flange Diameter Black Nylon Front Air Deﬂector Retainers,Black Nylon,15 Pcs.,Use With # 9695; G.M. # 15733971
Retainers Phillips Screw,1597PK,"15/64"" (6mm) Hole Size 11mm Stem Length 15mm Flange Diameter","15/64"" (6mm) Hole Size 11mm Stem Length 15mm Flange Diameter Black Nylon Phillips Screw Retainers",Black Nylon,25 Pcs.,"G.M. # 30012018; Honda # 90684-SA5-0030, 90684-SA5-003; Isuzu # 874-298-1190, 8942981190; Nissan # 10998-30880"
Retainers Phillips Screw,2028PK,"15/64"" (6mm) Hole Size 16mm Stem Length 14mm Flange Diameter","15/64"" (6mm) Hole Size 16mm Stem Length 14mm Flange Diameter Black Nylon Engine Splash Phillips Screw Retainers General Motors",Black Nylon,25 Pcs.,G.M. # 94051993; Nissan # 66860-01W01
Retainers Phillips Screw,11910PK,"15/64"" (6mm) Hole Size 17mm Stem Length 12mm Head Diameter","15/64"" (6mm) Hole Size 17mm Stem Length 12mm Head Diameter Black Nylon Fender & Rocker Phillips Screw Retainer",Black Nylon,25 Pcs.,G.M. # 255657634
Retainers Phillips Screw,9783PK,"15/64"" (6mm) Hole Size 20mm Stem Length 11mm Flange Diameter","15/64"" (6mm) Hole Size 20mm Stem Length 11mm Flange Diameter Black Nylon Rocker Panel Phillips Screw Retainers",Black Nylon,25 Pcs.,"G.M. # 10246149, 22657634"
Retainers Phillips Screw,12472PK,"1/4"" (6.30mm) Hole Size 14mm Stem Length 15mm Flange Diameter","1/4"" (6.30mm) Hole Size 14mm Stem Length 15mm Flange Diameter Black Nylon Fender Liner Phillips Screw Retainers",Black Nylon,25 Pcs.,G.M. # 94530438; Ford # B04068865A96
Retainers Phillips Screw,9508PK,"1/4"" (6.30mm) Hole Size 11/16"" Stem Length 11/16"" Flange Size","1/4"" (6.30mm) Hole Size 11/16"" Stem Length 11/16"" Flange Size Black Nylon Phillips Screw Retainers",Black Nylon,25 Pcs.,"Ford # N808147S; G.M. # 10139822, 25680782"
Retainers Phillips Screw,9968PK,"1/4"" (6.30mm) Hole Size 29/32"" Stem Length 5/8"" Flange Diameter","1/4"" (6.30mm) Hole Size 29/32"" Stem Length 5/8"" Flange Diameter Black Nylon Phillips Screw Retainers",Black Nylon,50 Pcs.,G.M. # 20664091; Ford # N803946S; Chrysler # 6502871; Mercedes # 000-9941-52-40
Retainers Phillips Screw,9067PK,"1/4"" (6.30mm) Hole Size 29/32"" Stem Length 11/16"" Flange Diameter","1/4"" (6.30mm) Hole Size 29/32"" Stem Length 11/16"" Flange Diameter Black Nylon Radiator Shroud Phillips Screw Retainers",Black Nylon,25 Pcs.,"Chrysler # 6502790, 4638136; Ford # N804570S; G.M. # 15773445, 20452072, 22538004,"
Retainers Phillips Screw,1612PK,"9/32"" (7mm) Hole Size 9mm Stem Length 14.00 x 22.00mm Flange Size","9/32"" (7mm) Hole Size 9mm Stem Length 14.00 x 22.00mm Flange Size Black Nylon Phillips Screw Retainers",Black Nylon,25 Pcs.,G.M. # 94221150; Isuzu # 8942211500; Nissan # 63844-D0100
Retainers Phillips Screw,10716PK,"9/32"" (7mm) Hole Size 9mm Stem Length 20mm Flange Diameter","9/32"" (7mm) Hole Size 9mm Stem Length 20mm Flange Diameter Black Nylon Garnish Moulding Phillips Screw Retainers General Motors",Black Nylon,15 Pcs.,"G.M. # 88970494, 88973676; Toyota # 90467-07168, 90467-07168-C1"
Retainers Phillips Screw,10413PK,"9/32"" (7mm) Hole Size 9mm Stem Length 20mm Flange Diameter","9/32"" (7mm) Hole Size 9mm Stem Length 20mm Flange Diameter Black Nylon Quarter Panel Phillips Screw Retainers",Black Nylon,10 Pcs.,G.M. # 96064506; Suzuki # 09409-07303-5ES; Toyota # 90467-07044
Retainers Phillips Screw,2015PK,"9/32"" (7mm) Hole Size 11mm Stem Length 14mm Flange Diameter","9/32"" (7mm) Hole Size 11mm Stem Length 14mm Flange Diameter Black Nylon Phillips Screw Retainers",Black Nylon,25 Pcs.,"G.M. # 94198687; Honda # 90657-SA6-0030, 90657-SA6-003; Mazda # N304-13-356-A"
Retainers Phillips Screw,1603PK,"9/32"" (7mm) Hole Size 12mm Stem Length 15mm Flange Diameter","9/32"" (7mm) Hole Size 12mm Stem Length 15mm Flange Diameter Black Nylon Phillips Screw Retainers 90467-06017-41,90467-06017-C0",Black Nylon,15 Pcs.,"G.M. # 20426301; Mazda # 9926-50-625; Toyota # 90467-06017, 90467-06017-20,"
Retainers Phillips Screw,10614PK,"9/32"" (7mm) Hole Size 23mm Stem Length 14mm Flange Diameter","9/32"" (7mm) Hole Size 23mm Stem Length 14mm Flange Diameter Black Nylon Phillips Screw Retainers",Black Nylon,15 Pcs.,G.M. # 15014352
Retainers Phillips Screw,11918PK,"9/32"" (7mm) Hole Size 1 13/64"" Stem Length 1/2"" Head Diameter","9/32"" (7mm) Hole Size 1 13/64"" Stem Length 1/2"" Head Diameter Black Nylon Push Type Retainers",Black Nylon,25 Pcs.,Chrysler # 4696488; Ford # N805026S; G.M. # 10195515
Retainers Phillips Screw,10523PK,"5/16"" (8mm) Hole Size 14mm Stem Length 14.00 x 26.00mm Flange Size","5/16"" (8mm) Hole Size 14mm Stem Length 14.00 x 26.00mm Flange Size Black Nylon Front Bumper Phillips Screw Retainers",Black Nylon,50 Pcs.,G.M. # 12337831
Retainers Phillips Screw,1265PK,"5/16"" (8mm) Hole Size 18mm Stem Length 17mm Flange Diameter","5/16"" (8mm) Hole Size 18mm Stem Length 17mm Flange Diameter Black Nylon Phillips Screw Retainers",Black Nylon,25 Pcs.,G.M. # 20451119; Nissan # 63844-01A99
Retainers Phillips Screw,1446PK,"5/16"" (8mm) Hole Size 13/16"" Stem Length 19/32 Flange Diameter","5/16"" (8mm) Hole Size 13/16"" Stem Length 19/32 Flange Diameter Black Nylon Phillips Screw Retainers General Motors",Black Nylon,25 Pcs.,Chrysler # 6503163; G.M. # 10053182
Retainers Phillips Screw,2163PK,"5/16"" (8mm) Hole Size 21mm Stem Length 20mm Flange Diameter","5/16"" (8mm) Hole Size 21mm Stem Length 20mm Flange Diameter Black Nylon Phillips Screw Retainers",Black Nylon,5 Pcs.,Acura # 90505-SL0-003; Chrysler # MB888869; G.M. # 9485236; Toyota # 90467-08155
Retainers Phillips Screw,12916PK,"23/64"" (9mm) Hole Size 12mm Stem Length 16mm Flange Diameter","23/64"" (9mm) Hole Size 12mm Stem Length 16mm Flange Diameter Black Nylon Bumper Phillips Screw Retainers",Black Nylon,15 Pcs.,G.M. # 30008324; Suzuki # 09409-07325
Retainers Phillips Screw,9202PK,"25/64"" (10mm) Hole Size 15mm Stem Length 20mm Flange Diameter","25/64"" (10mm) Hole Size 15mm Stem Length 20mm Flange Diameter Black Nylon Front & Rear Bumper Phillips Screw Retainers",Black Nylon,15 Pcs.,Acura # 91503-SP0-003; BMW # 07-13-0-702-966; G.M. # 94530623
Retainers Phillips Screw,11138PK,"13/32"" (10.30mm) Hole Size 1"" Stem Length 27/32"" Flange Diameter","13/32"" (10.30mm) Hole Size 1"" Stem Length 27/32"" Flange Diameter Black Nylon Phillips Screw Retainers",Black Nylon,25 Pcs.,"Ford # W708325-S300; G.M. # 11561353, 15672330, 15956470"
Retainers Phillips Screw,1730PK,"15/32"" (12mm) Hole Size 25mm Stem Length 21mm Flange Diameter 3mm Shoulder Length","15/32"" (12mm) Hole Size 25mm Stem Length 21mm Flange Diameter 3mm Shoulder Length Black Nylon Rear Fascia Phillips Screw Retainers",Black Nylon,25 Pcs.,Chrysler # 6502625; G.M. # 10140480
Retainers Slotted Screw,10540PK,9.00 - 13.00mm Hole Size 15mm Stem Length 19.00 x 30.00mm Flange Size,9.00 - 13.00mm Hole Size 15mm Stem Length 19.00 x 30.00mm Flange Size Black & Gray Nylon Radiator Grille Retainers,,10 Pcs.,"G.M. # 15764320, 15025531"
Retainers Slotted Screw,10608PK,25mm Width 34mm Length,25mm Width 34mm Length Black Nylon Front Fender & Bumper Cover Clips,Black Nylon,10 Pcs.,"Use With # 10609; G.M. # 19183888; Toyota # 53879-58010, 53879-02070"
Retainers Torx Screw,10609PK,25mm Stem Length 15mm Head Diameter,25mm Stem Length 15mm Head Diameter Black Nylon Front Fender & Bumper Cover Pins General Motors,Black Nylon,10 Pcs.,Use With # 10608; G.M. # 19183917; Toyota # 47749-58010
Clips Door Rod End,11234PK,"15/64"" (6mm) Hole Size 18mm Stem Length 11mm Flange Diameter","15/64"" (6mm) Hole Size 18mm Stem Length 11mm Flange Diameter Black Nylon",Black Nylon,25 Pcs.,"Chrysler # 55075139; Ford # W713134-S300; G.M. # 10089262, 21042098"
Door Lock Rod Clips,9437PK,"5/32"" Rod Size 15/64"" Hole Size","5/32"" Rod Size 15/64"" Hole Size Left Hand Side Black Nylon",Black Nylon,25 Pcs.,"G.M. # 20582532, 20633148"
Door Lock Rod Clips,9438PK,"5/32"" Rod Size 15/64"" Hole Size","5/32"" Rod Size 15/64"" Hole Size Right Hand Side Natural Nylon",Natural Nylon,25 Pcs.,"G.M. # 20582533, 20633149"
Door Lock Rod Clips,9439PK,"3/16"" Rod Size","3/16"" Rod Size Natural Nylon Tailgate Lock Rod Clips",Natural Nylon,10 Pcs.,"G.M. # 15545178, 14037239"
Door Lock Rod Clips,1249PK,"5/32"" Rod Size 15/64"" Hole Size","5/32"" Rod Size 15/64"" Hole Size Right Hand Side Red Nylon",,50 Pcs.,"Chrysler # 3454220, 4658676; G.M. # 88981031"
Door Lock Rod Clips,1250PK,"5/32"" Rod Size 15/64"" Hole Size","5/32"" Rod Size 15/64"" Hole Size Left Hand Side Green Nylon",,50 Pcs.,"Chrysler # 3454221, 4658677; G.M. # 8898130"
Door Rod & Hood Clips,9725PK,"5/32"" Rod Size 17/64"" Hole Size","5/32"" Rod Size 17/64"" Hole Size Right Hand Side Natural Nylon",Natural Nylon,20 Pcs.,"AMC # 4003672; Chrysler # 2945108, 4658676; Ford # N805350S; G.M. # 16627328"
Door Rod & Hood Clips,9726PK,"5/32"" Rod Size 17/64"" Hole Size","5/32"" Rod Size 17/64"" Hole Size Left Hand Side Black Nylon",Black Nylon,50 Pcs.,"AMC # 4003673; Chrysler # 2945109, 4658677; Ford # N804344S, D2VZ-652195A; G.M. # 9815325, 16607593"
Clips Door Rod End,9960PK,"5/32"" Rod Size 15/64"" Hole Size","5/32"" Rod Size 15/64"" Hole Size Left Hand Side Black Nylon General Motors",Black Nylon,25 Pcs.,"Chrysler # 5257479, 4658677; G.M. # 16630689"
Door Lock Rod Clips,9959PK,"13/64"" Rod Size 15/64"" Hole Size","13/64"" Rod Size 15/64"" Hole Size Right Hand Side Natural Nylon",Natural Nylon,25 Pcs.,"Chrysler # 5257478, 4658676; G.M. # 16630688"
Door Lock Rod Clips,9731PK,4mm Rod Size 6mm Hole Size,4mm Rod Size 6mm Hole Size Yellow Nylon,,100 Pcs.,"G.M. # 16606936, 16633853"
Clips Tailgate Lock Rod End,1083PK,,Rod End Clips,,,"G.M. # 4234830, 12337868"
Door Lock & Tailgate Rod Clips,9981PK,2mm Panel Range 8mm Hole Size,10-24 Rod Size 2mm Panel Range 8mm Hole Size Yellow Nylon F7DZ-7421952-A,,15 Pcs.,"Ford # F65Z-1521952-AA,; G.M. # 16629990, 16675980"
Retainers Door Trim Panel,16391PK,2mm Panel Range 8mm Hole Size,10-24 Rod Size 2mm Panel Range 8mm Hole Size Gray Nylon F7DZ-7421952-AA,,15 Pcs.,"Ford # F65Z-1521952-AA,; G.M. # 16629990, 16675980, 16640343"
Door Panel Retainers,18783PK,"15/64"" (6mm) Hole Size 8mm Stem Length 10mm Top Head Diameter","15/64"" (6mm) Hole Size 8mm Stem Length 10mm Top Head Diameter Orange Nylon",,50 Pcs.,GM # 11603260
Door Panel Retainers,15985PK,"15/64"" (6mm) Hole Size 9mm Stem Length 10mm Top Head Diameter","15/64"" (6mm) Hole Size 9mm Stem Length 10mm Top Head Diameter White Nylon",White Nylon,25 Pcs.,"G.M. # 11602522, 11603260"
Door Trim Panel Retainers,9582PK,"15/64"" (6mm) Hole Size 10mm Stem Length 10mm Top Head Diameter","15/64"" (6mm) Hole Size 10mm Stem Length 10mm Top Head Diameter White Nylon",White Nylon,25 Pcs.,G.M. # 90560163
Retainers Door Trim Panel,9861PK,"15/64"" (6mm) Hole Size 24mm Stem Length 18mm Top Head Diameter","15/64"" (6mm) Hole Size 24mm Stem Length 18mm Top Head Diameter White Nylon General Motors",White Nylon,50 Pcs.,G.M. # 10285935
Retainers Door Trim Panel,16311PK,"1/4"" (6.50mm) Hole Size 9.30mm Stem Length 15mm Flange","1/4"" (6.50mm) Hole Size 9.30mm Stem Length 15mm Flange White Nylon With Sealer Interior Door Trim & Exterior Moulding Retainers General Motors",White Nylon,15 Pcs.,G.M. # 11610700
Door Trim Panel Retainers,9860PK,"1/4"" (6.30mm) Hole Size 13mm Stem Length 18mm Head Diameter","1/4"" (6.30mm) Hole Size 13mm Stem Length 18mm Head Diameter White Nylon",White Nylon,50 Pcs.,G.M. # 10287971
Door Trim Panel Retainers,10399PK,"1/4"" (6.30mm) Hole Size 3/4"" Stem Length 15/16"" Top Head Diameter","1/4"" (6.30mm) Hole Size 3/4"" Stem Length 15/16"" Top Head Diameter Natural Nylon",Natural Nylon,50 Pcs.,G.M. # 20480475
Door Trim Panel,2029PK,"1/4"" (6.30mm) Hole Size 16.30mm Stem Length 14.30mm Head Diameter","1/4"" (6.30mm) Hole Size 16.30mm Stem Length 14.30mm Head Diameter White Nylon Push Type Retainers",White Nylon,50 Pcs.,G.M. # 15960325
Door Trim Panel Retainers,5264PK,"1/4"" (6.30mm) Hole Size 29/32"" Stem Length 29/32"" Top Head Diameter","1/4"" (6.30mm) Hole Size 29/32"" Stem Length 29/32"" Top Head Diameter Natural Nylon",Natural Nylon,50 Pcs.,"G.M. # 3065575, 16656935X"
Door Trim Panel Retainers,1646PK,"1/4"" (6.50mm) Hole Size 21mm Stem Length 6.30 x 11.50mm Top Head Size","1/4"" (6.50mm) Hole Size 21mm Stem Length 6.30 x 11.50mm Top Head Size Natural Nylon",Natural Nylon,50 Pcs.,G.M. # 15545202
Door Trim Panel Retainers,4020PK,"1/4"" (6.50mm) Hole Size 21mm Stem Length 6.30 x 11.50mm Top Head Size","1/4"" (6.50mm) Hole Size 21mm Stem Length 6.30 x 11.50mm Top Head Size Natural Nylon",Natural Nylon,25 Pcs.,"G.M. # 20421800, 15600382"
Door Trim Panel Retainers,9349PK,"1/4"" (6.50mm) Hole Size 21mm Stem Length 6.30 x 11.70mm Top Head Size","1/4"" (6.50mm) Hole Size 21mm Stem Length 6.30 x 11.70mm Top Head Size Yellow Nylon",,25 Pcs.,"G.M. # 15588024, 15596301"
Door Trim Panel Retainers,9242PK,"1/4"" (6.50mm) Hole Size 21mm Stem Length 17mm Head Diameter","1/4"" (6.50mm) Hole Size 21mm Stem Length 17mm Head Diameter Natural Nylon",Natural Nylon,50 Pcs.,"G.M. # 12337920, 20374473"
Retainers Door Trim Panel,10543PK,"9/32"" (7mm) Hole Size 14mm Stem Length 18mm Top Head Diameter","9/32"" (7mm) Hole Size 14mm Stem Length 18mm Top Head Diameter Yellow Nylon General Motors",,50 Pcs.,G.M. # 10408480
Door Trim Panel Retainers,592PK,"9/32"" (7mm) Hole Size 14.80mm Stem Length 17.60mm Head Diameter","9/32"" (7mm) Hole Size 14.80mm Stem Length 17.60mm Head Diameter Natural Nylon",Natural Nylon,50 Pcs.,"G.M. # 2064891, 9818648, 9883583"
Door Trim Panel Retainers,2017PK,"9/32"" (7mm) Hole Size 16mm Stem Length 14mm Top Head Diameter","9/32"" (7mm) Hole Size 16mm Stem Length 14mm Top Head Diameter Black Nylon",Black Nylon,50 Pcs.,"G.M. # 15638413, 15963179"
Door Trim Panel Retainers,9373PK,"9/32"" (7mm) Hole Size 18mm Stem Length 13mm Head Diameter","9/32"" (7mm) Hole Size 18mm Stem Length 13mm Head Diameter Black Nylon",Black Nylon,25 Pcs.,AMC # 4005099; Chrysler # 6033862; G.M. # 796255; Navistar # 0501094C1
Door Trim Panel Retainers,1024PK,"9/32"" (7mm) Hole Size 18mm Stem Length 20mm Top Head Diameter","9/32"" (7mm) Hole Size 18mm Stem Length 20mm Top Head Diameter Natural Nylon",Natural Nylon,25 Pcs.,AMC # 4005470; Chrysler # 6003349; G.M. # 9685057; V.W. # N98905101
Door Trim Panel Retainers,9339PK,"9/32"" (7mm) Hole Size 19mm Stem Length 7.00 x 12.50mm Top Head Size","9/32"" (7mm) Hole Size 19mm Stem Length 7.00 x 12.50mm Top Head Size White Nylon",White Nylon,25 Pcs.,"G.M. # 15612948, 15607165"
Door Trim Panel Retainers,9224PK,"9/32"" (7mm) Hole Size 19mm Stem Length 13.20mm Top Head Diameter","9/32"" (7mm) Hole Size 19mm Stem Length 13.20mm Top Head Diameter Natural Nylon",Natural Nylon,50 Pcs.,"Ford # W707741-S300; G.M. # 21042045, 21042053, 21042058,"
Door Trim Panel Retainers,1558PK,"9/32"" (7mm) Hole Size 19mm Stem Length 13.30mm Top Head Diameter","9/32"" (7mm) Hole Size 19mm Stem Length 13.30mm Top Head Diameter Natural Nylon",Natural Nylon,25 Pcs.,Ford # N802900; G.M. # 21042958
Door Trim Panel Retainers,10653PK,"9/32"" (7mm) Hole Size 20mm Stem Length 7.00 x 12.50mm Top Head Size","9/32"" (7mm) Hole Size 20mm Stem Length 7.00 x 12.50mm Top Head Size Natural Nylon",Natural Nylon,50 Pcs.,G.M. # 15953247
Retainers Door Trim Panel,10520PK,"9/32"" (7mm) Hole Size 20.60mm Stem Length 18mm Top Head Diameter","9/32"" (7mm) Hole Size 20.60mm Stem Length 18mm Top Head Diameter White Nylon General Motors",White Nylon,50 Pcs.,G.M. # 10305191
Door Trim Panel Retainers,10398PK,"9/32"" (7mm) Hole Size 21mm Stem Length 16mm Top Head Diameter","9/32"" (7mm) Hole Size 21mm Stem Length 16mm Top Head Diameter Yellow Nylon",,50 Pcs.,G.M. # 20734005
Door Trim Panel Retainer,12504PK,"9/32"" (7mm) Hole Size 21mm Stem Length 18mm Top Head Diameter","9/32"" (7mm) Hole Size 21mm Stem Length 18mm Top Head Diameter White Nylon",White Nylon,50 Pcs.,G.M. # 15986673
Door Trim Panel Retainers,10403PK,"9/32"" (7mm) Hole Size 22mm Stem Length 19mm Head Diameter","9/32"" (7mm) Hole Size 22mm Stem Length 19mm Head Diameter Black Nylon",Black Nylon,50 Pcs.,G.M. # 25601491
Door Trim Panel Retainers,1807PK,"9/32"" (7mm) Hole Size 24mm Stem Length 18mm Top Head Diameter","9/32"" (7mm) Hole Size 24mm Stem Length 18mm Top Head Diameter White Nylon",White Nylon,25 Pcs.,G.M. # 10153057
Door Trim Panel Retainers,10495PK,"9/32"" (7mm) Hole Size 24mm Stem Length 18mm Top Head Diameter","9/32"" (7mm) Hole Size 24mm Stem Length 18mm Top Head Diameter Green Nylon",,25 Pcs.,G.M. # 11588863
Door Trim Panel Retainers,1648PK,"9/32"" (7mm) Hole Size 24mm Stem Length 20mm Top Head Diameter","9/32"" (7mm) Hole Size 24mm Stem Length 20mm Top Head Diameter White Nylon",White Nylon,25 Pcs.,Ford # 387496-S; G.M. # 12084605
Door Trim Panel Retainers,1716PK,"9/32"" (7mm) Hole Size 25mm Stem Length 17mm Top Head Diameter","9/32"" (7mm) Hole Size 25mm Stem Length 17mm Top Head Diameter Natural Nylon",Natural Nylon,100 Pcs.,G.M. # 363137
Retainers Door Trim Panel,9502PK,"9/32"" (7mm) Hole Size 27mm Stem Length 22mm Top Head Diameter","9/32"" (7mm) Hole Size 27mm Stem Length 22mm Top Head Diameter White Nylon General Motors",White Nylon,25 Pcs.,G.M. # 20451401
Door Trim Panel Retainers,11041PK,"9/32"" (7mm) Hole Size 1 5/32"" Stem Length 1/2"" Top Head Diameter","9/32"" (7mm) Hole Size 1 5/32"" Stem Length 1/2"" Top Head Diameter Natural Nylon",Natural Nylon,15 Pcs.,G.M. # 15694099
Door Trim Panel Retainers,9368PK,"9/32"" (7mm) Hole Size 32mm Stem Length 20mm Top Head Diameter","9/32"" (7mm) Hole Size 32mm Stem Length 20mm Top Head Diameter Natural Nylon",Natural Nylon,50 Pcs.,G.M. # 10126901
Door Trim Panel Retainers,16469PK,7.50 x 10.00mm Stem Size 15mm Stem Length 13mm Top Head Diameter,7.50 x 10.00mm Stem Size 15mm Stem Length 13mm Top Head Diameter White Nylon With Sealer Trunk & Liftgate Retainers,White Nylon,25 Pcs.,G.M. # 11569810
Door Trim Panel Retainers,12044PK,"5/16"" (8mm) Hole Size 13mm Stem Length 13mm Top Head Diameter","5/16"" (8mm) Hole Size 13mm Stem Length 13mm Top Head Diameter Blue Nylon",,25 Pcs.,G.M. # 132522118
Door Trim Panel Retainers,10703PK,"5/16"" (8mm) Hole Size 14mm Stem Length 13mm Top Head Diameter","5/16"" (8mm) Hole Size 14mm Stem Length 13mm Top Head Diameter White Nylon",White Nylon,50 Pcs.,G.M. # 90321122
Door Panel Retainers,18345PK,"5/16"" (8mm) Hole Size 14mm Stem Length 13mm Top Head Size","5/16"" (8mm) Hole Size 14mm Stem Length 13mm Top Head Size Gray Nylon",,25 Pcs.,"G.M. # 11546963, 11547601"
Door Trim Panel Retainers,12844PK,"5/16"" (8mm) Hole Size 14mm Stem Length 13mm Top Head Diameter","5/16"" (8mm) Hole Size 14mm Stem Length 13mm Top Head Diameter Gray Nylon",,25 Pcs.,G.M. # 11610605
Door Trim Panel Retainers,16408PK,"5/16"" (8mm) Hole Size 14mm Stem Length 15mm Top Head Size","5/16"" (8mm) Hole Size 14mm Stem Length 15mm Top Head Size Yellow Nylon With Sealer Trim Panel Retainers",,15 Pcs.,"G.M. # 11546588, 11547577"
Retainers Door Trim Panel,12043PK,"5/16"" (8mm) Hole Size 14mm Stem Length 17mm Head Diameter","5/16"" (8mm) Hole Size 14mm Stem Length 17mm Head Diameter Green Nylon General Motors",,25 Pcs.,G.M. # 13252119
Door Trim Panel Retainers,11961PK,"5/16"" (8mm) Hole Size 15mm Stem Length 17mm Head Diameter","5/16"" (8mm) Hole Size 15mm Stem Length 17mm Head Diameter Yellow Nylon",,25 Pcs.,"G.M. # 11610606, 11546954, 11547602"
Door Trim Panel Retainers,1742PK,"5/16"" (8mm) Hole Size 1"" Stem Length 1/2"" Top Head Diameter","5/16"" (8mm) Hole Size 1"" Stem Length 1/2"" Top Head Diameter Natural Nylon",Natural Nylon,50 Pcs.,"AMC # 893202-599, 8934-202-599; Ford # N805612-S100, N805612-S; G.M. # 10143422"
Door Trim Panel Retainers,12894PK,"5/16"" (8mm) Hole Size 32mm Stem Length 19mm Head Diameter","5/16"" (8mm) Hole Size 32mm Stem Length 19mm Head Diameter Green Nylon With Sealer",,10 Pcs.,G.M. # 25707329
Door Trim Panel Retainers,12828PK,"21/64"" (8.50mm) Hole Size 14mm Stem Length 13mm Top Head Diameter","21/64"" (8.50mm) Hole Size 14mm Stem Length 13mm Top Head Diameter White Nylon",White Nylon,25 Pcs.,"G.M. # 94858299, 94178705; Toyota # 90467-10161, 90467-A0006"
Door Trim Panel Retainers,1588PK,"21/64"" (8.50mm) Hole Size 14mm Stem Length 13mm Top Head Diameter","21/64"" (8.50mm) Hole Size 14mm Stem Length 13mm Top Head Diameter Black Nylon",Black Nylon,25 Pcs.,G.M. # 95005064; Toyota # 67771-01010
Door Trim Panel Retainers,10744PK,"23/64"" (9mm) Hole Size 10mm Stem Length 13mm Head Diameter","23/64"" (9mm) Hole Size 10mm Stem Length 13mm Head Diameter Natural Nylon Trim Panel Retainers",Natural Nylon,25 Pcs.,G.M. # 94530565; Hyundai # 82315-38000
Door Panel & Rocker Moulding Clips,10748PK,"23/64"" (9mm) Hole Size 13mm Stem Length 13mm Top Head Diameter","23/64"" (9mm) Hole Size 13mm Stem Length 13mm Top Head Diameter White Nylon",White Nylon,15 Pcs.,G.M. # 88970656; Toyota # 67771-12080
Retainers Door Trim Panel,9081PK,"23/64"" (9mm) Hole Size 14mm Stem Length 13mm Top Head Diameter","23/64"" (9mm) Hole Size 14mm Stem Length 13mm Top Head Diameter Natural Nylon General Motors",Natural Nylon,25 Pcs.,"G.M. # 94226492; Isuzu # 8-94226-492-0,; Mazda # 9927-40-825,; Toyota # 67771-01010, 67771-12010F"
Door Trim Panel Retainers,11366PK,"23/64"" (9mm) Hole Size 15mm Stem Length 13mm Top Head Diameter","23/64"" (9mm) Hole Size 15mm Stem Length 13mm Top Head Diameter Yellow Nylon",,15 Pcs.,G.M. # 95008221; Mitsubishi # MB608104; Toyota # 67771-30090
Door Trim Panel Retainers,12559PK,"23/64"" (9mm) Hole Size 15mm Stem Length 13mm Top Head Diameter","23/64"" (9mm) Hole Size 15mm Stem Length 13mm Top Head Diameter Maroon Nylon Trim Panel Retainers",,15 Pcs.,G.M. # 30006620; Toyota # 67771-12050
Door Trim Panel Retainers,16091PK,"23/64"" (9mm) Hole Size 17mm Stem Length 15mm Top Head Diameter","23/64"" (9mm) Hole Size 17mm Stem Length 15mm Top Head Diameter Natural Nylon With Sealer",Natural Nylon,15 Pcs.,G.M. # 11549307
Door Trim Panel Retainers,12105PK,"23/64"" (9mm) Hole Size 18mm Stem Length 13mm Top Head Diameter","23/64"" (9mm) Hole Size 18mm Stem Length 13mm Top Head Diameter Yellow Nylon With Sealer",,25 Pcs.,"G.M. # 22600612, 22651066"
Door Trim Panel Retainers,12895PK,"23/64"" (9mm) Hole Size 27.80mm Overall Length 19.50mm Head Diameter","23/64"" (9mm) Hole Size 27.80mm Overall Length 19.50mm Head Diameter Green Nylon With Sealer",,10 Pcs.,"G.M. # 25704141, 25762391"
Door Trim Panel Retainers,10701PK,"3/8"" (9.50mm) Hole Size 17.00mm Stem Length 19.50mm Top Head Diameter","3/8"" (9.50mm) Hole Size 17.00mm Stem Length 19.50mm Top Head Diameter White Nylon With Sealer",White Nylon,15 Pcs.,Ford # W711521-S300; G.M. # 11519031
Door Trim Panel Retainers,11960PK,6.50 x 12.00mm Hole Size,6.50 x 12.00mm Hole Size Black Nylon Instrument Panel Insulation Front Sight Shield Twist Lock Retainers,Black Nylon,25 Pcs.,Ford # N811772S; G.M. # 2553596
Door Trim Panel Retainers,18217PK,"7/16"" (11mm) Hole Size 7/16"" Stem Length 15/32 x 25/32"" Top Head Size","7/16"" (11mm) Hole Size 7/16"" Stem Length 15/32 x 25/32"" Top Head Size White Nylon With Sealer",White Nylon,15 Pcs.,G.M. # 91176726
Retainers Door Trim Panel,12842PK,"7/16"" (11mm) Hole Size 17mm Stem Length 20mm Top Head Diameter","7/16"" (11mm) Hole Size 17mm Stem Length 20mm Top Head Diameter White Nylon General Motors",White Nylon,15 Pcs.,G.M. # 15076791
Retainers Door Panel Pin & Grommet,18474PK,13mm Stem Length 16.50 x 25.00mm Head Size,13mm Stem Length 16.50 x 25.00mm Head Size Black Nylon,Black Nylon,10 Pcs.,G.M. # 11547446
Door Panel Pins,10474PK,13mm Top Head Diameter 26.50mm Pin Length,13mm Top Head Diameter 26.50mm Pin Length White Nylon,White Nylon,25 Pcs.,"Use With # 10476; G.M. # 10363811, 22722859"
Door Panel Pins,10473PK,19.50mm Top Head Diameter 28.30mm Pin Length,19.50mm Top Head Diameter 28.30mm Pin Length White Nylon,White Nylon,25 Pcs.,Use With # 10476; G.M. # 11561499
Door Panel Pins,10472PK,19.50mm Top Head Diameter 28.30mm Pin Length,19.50mm Top Head Diameter 28.30mm Pin Length Black Nylon,Black Nylon,25 Pcs.,Use With # 10476; G.M. # 11562241
Door Panel Pins,10471PK,19.50mm Top Head Diameter 30.40mm Pin Length,19.50mm Top Head Diameter 30.40mm Pin Length Green Nylon,,25 Pcs.,Use With # 10478; G.M. # 11562242
Door Panel Pins,10470PK,19.50mm Top Head Diameter 30.40mm Pin Length,19.50mm Top Head Diameter 30.40mm Pin Length Yellow Nylon,,25 Pcs.,Use With # 10478 & 10476; G.M. # 11561600
Door Panel Grommets,10476PK,"23/64"" (9mm) Hole Size","23/64"" (9mm) Hole Size White Nylon With Sealer",White Nylon,25 Pcs.,"Use with # 10470, 10472, 10473 & 10474; G.M. # 22722860"
Retainers Door Panel Pin & Grommet,10478PK,"23/64"" (9mm) Hole Size","23/64"" (9mm) Hole Size Yellow Nylon With Sealer General Motors",,25 Pcs.,Use With # 10470 & 10471; G.M. # 11561500
Door Trim Panel Retainers,12049PK,15mm Top Head Diameter 34mm Stem Length,15mm Top Head Diameter 34mm Stem Length Natural Nylon,Natural Nylon,15 Pcs.,Use With # 12050; G.M. # 10350983
Door Trim Panel Grommets,12050PK,"9/32"" (7mm) Hole Size 15mm Stem Length 12.00 x 14.50mm Head Size","9/32"" (7mm) Hole Size 15mm Stem Length 12.00 x 14.50mm Head Size Natural Nylon",Natural Nylon,15 Pcs.,Use With # 12049; G.M. # 10351052
Door Trim Panel Retainers,10135PK,"23/64"" (9mm) Hole Size 17.50mm Stem Length","23/64"" (9mm) Hole Size 17.50mm Stem Length Two Part Pin & Nut White Nylon With Sealer",White Nylon,15 Pcs.,G.M. # 11571118
Retainers Door Panel Wire,10136PK,"23/64"" (9mm) Hole Size 17.50mm Stem Length Set Door Panel Pin & Grommet 10529     23/64"" (9mm) Hole Size Yellow Grommet With Sealer 10530     23/64"" (9mm) Hole Size White Grommet With Sealer 10531     23/64"" (9mm) Hole Size White Grommet With Sealer 10532     23/64"" (9mm) Hole Size White Grommet With Sealer Set Door Panel Pin & Grommet 10533      23/64"" (9mm) Hole Size White Grommet With Sealer 10534      23/64"" (9mm) Hole Size Yellow Grommet With Sealer","23/64"" (9mm) Hole Size 17.50mm Stem Length Two Part Pin & Nut Yellow Nylon With Sealer Set Door Panel Pin & Grommet 10529     23/64"" (9mm) Hole Size Yellow Pin Yellow Grommet With Sealer Two Part Nylon 10530     23/64"" (9mm) Hole Size Yellow Pin White Grommet With Sealer Two Part Nylon 10531     23/64"" (9mm) Hole Size White Pin White Grommet With Sealer Two Part Nylon 10532     23/64"" (9mm) Hole Size White Pin White Grommet With Sealer Two Part Nylon General Motors Set Door Panel Pin & Grommet 10533      23/64"" (9mm) Hole Size Black Pin White Grommet With Sealer Two Part Nylon 10534      23/64"" (9mm) Hole Size Green Pin Yellow Grommet With Sealer Two Part Nylon",,15 Pcs.,"G.M. # 11571119; G.M. # 11562044; G.M. # 11562043; G.M. # 22699649, 22704458, 22713392,; G.M. # 11562256; G.M. # 11562257"
Retainers Door Panel Wire,9900PK,"5/16"" (8mm) Hole Size","5/16"" (8mm) Hole Size Bright Zinc Finish Trim Panel Fasteners",Zinc Finish,50 Pcs.,G.M. # 4114785
Retainers Door Panel Wire,11876PK,12mm Width 15mm Height,12mm Width 15mm Height Organic Zinc Finish Windshield & Side Door Garnish Moulding Liftgate Trim Panel Retainers,Zinc Finish,15 Pcs.,"Chrysler # 6502988; G.M. # 16662182, 25580123"
Retainers Door Panel Wire,10700PK,"15/32"" Width 11/16"" Height","15/32"" Width 11/16"" Height Bright Zinc Finish Interior Trim, Garnish, Bezel & Scuﬀ Plate Fasteners",Zinc Finish,10 Pcs.,G.M. # 11588650
Door Trim Panel Retainer Nuts,10090PK,6-1.00mm Screw Size,6-1.00mm Screw Size Zinc Organic,,10 Pcs.,G.M. # 11517769
Door Trim Panel Retainer Nuts,13414PK,"13/16"" Width 15/16"" Length","13/16"" Width 15/16"" Length Black Finish Front Door Interior Trim & Instrument Panel Fasteners Ferrules Door Lock",Black Finish,10 Pcs.,G.M. # 15683327
Door Lock Rod Ferrule,9221PK,"13/16"" Outside Diameter","13/16"" Outside Diameter Polished Stainless Steel With Felt Insert General Motors Bushings Door Hinge Pin",,25 Pcs.,"G.M. # 330485, 9665901"
Door Lock Rod Ferrule,9233PK,"21/64"" Inside Diameter","21/64"" Inside Diameter",,50 Pcs.,
Door Hinge Pin Bushings,1267PK,"9/16"" Outside Diameter 1/64"" Thick Stainless Steel .345"" Inside Diameter .419"" Outside Diameter .295"" Height","9/16"" Outside Diameter 1/64"" Thick Stainless Steel .345"" Inside Diameter .419"" Outside Diameter .295"" Height",,25 Pcs.,Use With # 9164; G.M. # 15562610; Ford # D1AZ-6522841A; G.M. # 9721917
Door Hinge Pin Bushings,1268PK,".345"" Inside Diameter .489"" Outside Diameter .362"" Height",".345"" Inside Diameter .489"" Outside Diameter .362"" Height",,25 Pcs.,G.M. # 20429500
Door Hinge Pin Bushings,2114PK,".345"" Inside Diameter .495"" Outside Diameter .365"" Height",".345"" Inside Diameter .495"" Outside Diameter .365"" Height",,25 Pcs.,"G.M. # 12338074, 15964971, 15691493,"
Door Hinge Pin Bushings,1252PK,".346"" Inside Diameter .490"" Outside Diameter .375"" Height",".346"" Inside Diameter .490"" Outside Diameter .375"" Height",,25 Pcs.,"G.M. # 9716926, 20345137"
Door Hinge Pin Bushings,1251PK,".384"" Inside Diameter .501"" Outside Diameter .460"" Height",".384"" Inside Diameter .501"" Outside Diameter .460"" Height",,25 Pcs.,G.M. # 9822198
Pins Door Hinge,2115PK,".385"" Inside Diameter .530"" Outside Diameter .365"" Height",".385"" Inside Diameter .530"" Outside Diameter .365"" Height",,25 Pcs.,"G.M. # 15562609, 6632192, 5964972"
Door Hinge Pins,1289PK,"4"" Overall Length 11/32"" Pin Diameter 7/16"" Head Outside Diameter","4"" Overall Length 11/32"" Pin Diameter 7/16"" Head Outside Diameter Black Zinc Finish",Zinc Finish,10 Pcs.,"G.M. # 20043351, 20043361"
Pins Door Hinge,1288PK,"4 1/16"" Overall Length 11/32"" Pin Diameter 9/16"" Head Outside Diameter","4 1/16"" Overall Length 11/32"" Pin Diameter 9/16"" Head Outside Diameter Bright Zinc Finish General Motors (Yellow Zinc Finish)",Zinc Finish,10 Pcs.,"G.M. # 6271989, 20046147"
Door Hinge Pins,9825PK,"4 1/8"" Length 11/32"" Pin Diameter 1/2"" Head Outsider Diameter","4 1/8"" Length 11/32"" Pin Diameter 1/2"" Head Outsider Diameter Yellow Zinc Steel (Stainless Steel)",,2 Pcs.,G.M. # 15653790
Door Hinge Pins,9164PK,"5 1/4"" Length 11/32"" Pin Diameter 9/32"" Head Outside Diameter","5 1/4"" Length 11/32"" Pin Diameter 9/32"" Head Outside Diameter Stainless Steel 15967691, 15685040, 88891731",,5 Pcs.,"G.M. # 15591860, 15691595, 15691595X,"
Retainers Door Window Guide,2168PK,"5 1/2"" Length                             Sold Each 9/16"" Pin Diameter 5/8"" Roller Grove Diameter 19/32"" Knurl Diameter Will Repair One Hinge Driver Side 12121      C/K Series Trucks 07-10                         1 Kit","5 1/2"" Length                             Sold Each 9/16"" Pin Diameter 5/8"" Roller Grove Diameter 19/32"" Knurl Diameter Kits Door Hinge Pin & Bushing (Stainless Steel Pin) Kit Will Repair One Hinge Stainless Steel General Motors Kits Door Hinge Pin & Bushing 1994-On Kit Will Fix One Hinge §2) 1994-On Kit Will Fix One Door Kit Will Repair One Door Stainless Steel General Motors Kits Door Hinge Pin & Bushing 10060      GMC Sierra & Chevrolet Silverado                1 Kit & Other S.U.V 'S Hinges Kit Will Repair One Hinge Yellow Zinc Finish 10065      GMC Sierra & Chevrolet Silverado                1 Kit & Other S.U.V 'S Hinges To Repair One Door Yellow Zinc Finish (Steel Pin) Kit Will Repair One Door General Motors Kits Door Hinge Pin & Bushing (Steel Pin) Kit Will Repair One Door 10558      Chevrolet Savana & GMC Express                  1 Kit Van Side Doors Repairs One Hinge Greaseable Stainless Steel Side Cargo Door Replacement Hinge Van Side Doors General Motors Kits Door Hinge Pin & Bushing 10699      Chevrolet Savana & GMC Express                  1 Kit Van Side Doors Repairs One Door Greaseable Stainless Steel 12115      Used On Upper Or Lower Hinge                    1 Kit Will Repair One Hinge Driver Side Stainless Steel Pins, Nuts & Bracket Cadillac Escalade 02-06, Chevrolet Avalanche 02-06, Chevrolet Silverado 99-06, Chevrolet Silverado Classic 07, Chevrolet Suburban 00-06, Chevrolet Tahoe 00-05, GMC Sierra 99-06, GMC Sierra Classic SLE 07, GMC Yukon 02 General Motors Kits Door Hinge Pin & Bushing 12116      Used On Upper Or Lower Hinge                   1 Kit Will Repair One Hinge Passenger's Side Stainless Steel Pins, Nuts & Bracket Cadillac Escalade 02-06, Chevrolet Avalanche 02-06, Chevrolet Silverado 99-06, Chevrolet Silverado Classic 07, Chevrolet Suburban 00-06, Chevrolet Tahoe 00-05, GMC Sierra 99-06, GMC Sierra Classic SLE 07, GMC Yukon 02 12117      Will Repair                                    1 Kit Front Door Upper & Lower Hinge Stainless Steel Pins & Nuts Bushing Bracket Repair Kit Chevrolet Cavalier & Pontiac Sunﬁre 95-05 General Motors Kits Door Hinge Pin & Bushing 12118      Will Repair Upper & Lower Hinge                 1 Kit Stainless Steel Pins & Nuts Bushing Bracket Repair Kit Cadillac Escalade & Cadillac Escalade ESV Chevrolet Avalanche 4-Door Pickup Chevrolet Avalanche SUV, Chevrolet Silverado Chevrolet Suburban 4-Door SUV Chevrolet Tahoe 4-Door SUV GMC Sierra, GMC Yukon & GMC Yukon XL 07-11 12121      C/K Series Trucks 07-10                         1 Kit Will Repair One Hinge Used On Front Or Rear Door Stainless Steel Pin 12123      Will Repair Extended Cab Rear Doors             1 Kit Stainless Steel Pins Chevrolet Silverado (1500, 2500, 3500) Chevrolet Silverado (1500HD, 2500HD, 3500HD) 01-05 Chevrolet Siverado (1500, 2500HD) Chevrolet Silverado 1500 GMC Sierra (1500, 2500, 3500) 99-05 GMC Sierra (1500HD, 2500HD, 3500HD) Classic Hybrid LT 06-07 Classic Hybrid 05-078902 General Motors",Zinc Finish,,"G.M. # 12540326; 9818       G.M. Trucks C-K 1988-On                         1 Kit; 9832       G.M. S10 Trucks                                 1 Kit; 9833       G.M. S10 Trucks                                 1 Kit; 9905       G.M. Trucks C-K 1988-On                         1 Kit; 10527      G.M. Trucks C-K 1988-On                         1 Kit; G.M. 15994345; 10528      G.M. Trucks C-K 1988-On                         1 Kit; G.M. # 31028283, 88944360, 89025546; 10559      Chevrolet Savana & G.M.C. Express               1 Pc.; Use With # 10699; G.M. # 89025546; G.M. # 89025543"
Retainers Door Window Guide,9635PK,"1 5/16"" Height 6"" Overall Length","1 5/16"" Height 6"" Overall Length Black Plastic Front Door Glass Window Guides Retainers",,25 Pcs.,"G.M. # 20180140, 22543362"
Retainers Door Window Guide,15010PK,"1 13/32"" O.A. Length","1 13/32"" O.A. Length White Nylon Front Door Window Guide",White Nylon,5 Pcs.,G.M.
Retainers Door Window Guide,1562PK,,"Front & Rear Door Glass Black Nylon Window Guide Retainers 12338011, 10114597",Black Nylon,25 Pcs.,"G.M. # 20328600, 10051034, 20123070,"
Retainers Door Window Guide,1563PK,,Upper Part of Glass Black Nylon Front Door Glass Window Guide Retainers,Black Nylon,15 Pcs.,G.M. # 20160591
Retainers Door Window Guide,1566PK,,Rear of Glass Black Nylon Front Door Glass Window Guide Retainers General Motors,Black Nylon,15 Pcs.,"G.M. # 22539533, 20478733"
Retainers Door Window Guide,1568PK,,Front & Rear Door Glass Black Nylon Window Guide Retainers,Black Nylon,25 Pcs.,"G.M. # 20162174, 22543363"
Retainers Door Window Guide,9631PK,,Front Door Glass With Adhesive Gasket Black Plastic Window Guide Retainers,,10 Pcs.,"G.M. # 10051034, 10114597, 12338011"
Retainers Door Window Guide,9222PK,,Black Nylon Front Door Glass Window Guide Retainers,Black Nylon,15 Pcs.,"G.M. # 20747509, 20478732"
Retainers Door Window Guide,9421PK,"2 3/4 x 1 3/4"" Overall Size Front of Glass 4mm Thick","2 3/4 x 1 3/4"" Overall Size Front of Glass 4mm Thick Black Nylon Front Door Glass Window Guide Retainers 20340710, 20633504, 12353912,",Black Nylon,15 Pcs.,"G.M. # 20712176, 20712172, 20484630,"
Retainers Door Window Guide,1681PK,"2 3/4 x 1 3/4"" Overall Size","2 3/4 x 1 3/4"" Overall Size Black Nylon Front Door Glass Window Guide Retainers General Motors",Black Nylon,15 Pcs.,"G.M. # 12337898, 20747508, 20487631"
Retainers Door Window Guide,10479PK,"Size 1 x 2 3/8""","Assembled Overall Size 1 x 2 3/8"" Gray Nylon Front Door Window Guides Adjusters Headlight",,10 Pcs.,"G.M. # 15786626, 10274778"
Retainers Door Window Guide,1003PK,"12-28 x 1 1/2"" Screw Size","12-28 x 1 1/2"" Screw Size Blue Nylon Nut Headlight Adjusting Screw & Nut Assembly",,25 Pcs.,"G.M. # 556196, 557057, 559312"
Retainers Door Window Guide,1019PK,"1/4-28 x 2"" Screw","1/4-28 x 2"" Screw Green Nylon Nut Headlight Adjusting Screw & Nut Assembly",,25 Pcs.,"G.M. # 365270, 365266"
Retainers Door Window Guide,853PK,"1/4-28 x 2"" Screw","1/4-28 x 2"" Screw Pink Nylon Nut Headlight Adjusting Screw & Nut Assembly",,25 Pcs.,"AMC # SF4006204; G.M. # 1606642, 1618890, 1600375"
Retainers Door Window Guide,972PK,"1/4-28 x 2"" Screw Size","1/4-28 x 2"" Screw Size White Nylon Nut Headlight Adjusting Screw & Nut Assembly 354076, 362379, 3921446, 15705372 General Motors Adjusters Headlight",White Nylon,10 Pcs.,"G.M. # 343541, 343542, 343543, 343555,"
Retainers Door Window Guide,656PK,1/4-28 Screw Size,1/4-28 Screw Size Natural Nylon Headlight Adjusting Nuts,Natural Nylon,50 Pcs.,Use With Screw # 996; G.M. # 3921446
Retainers Door Window Guide,9351PK,1/4-28 Screw Size,"1/4-28 Screw Size White Nylon Headlight Adjusting Nuts 354076, 362379",White Nylon,50 Pcs.,"Use With Screw # 996; G.M. # 343541, 343542, 343543, 343555,"
Retainers Headlight,996PK,"1/4-28 x 2"" Screw","1/4-28 x 2"" Screw Bright Zinc Finish Headlight Adjusting Screws",Zinc Finish,25 Pcs.,"Use With Nut # 9351 & 656; G.M. # 343543, 354076, 9438150, 9432645"
Retainers Headlight Panel,1107PK,,,,50 Pcs.,#8 Screw Size; G.M. # 25501771
Retainers Headlight Panel,10106PK,"1 1/8"" Width 4 9/16"" Length","1 1/8"" Width 4 9/16"" Length Natural Nylon Headlight Retainers",Natural Nylon,10 Pcs.,G.M. # 10298115
Retainers Grille,13036PK,"1 1/8"" Width 5 9/16"" Length","1 1/8"" Width 5 9/16"" Length White Nylon Headlight Retainers General Motors",White Nylon,10 Pcs.,G.M. # 15281294
Retainers Grille,11211PK,14mm Width 14mm Height,14mm Width 14mm Height White Nylon Grille Clips,White Nylon,25 Pcs.,G.M. # 5482087
Grille Headlight Clips,9082PK,13mm Width 22mm Overall Length,13mm Width 22mm Overall Length Black Plastic,,25 Pcs.,"G.M. # 94218027, H200-50-715; Isuzu # 8942180270, 58974-00008; Mazda # B092-50-715, BF67-S0715; Mitsubishi # MB153825; Toyota # 90467-13011, 90467-12020"
Grille Headlight Clips,16452PK,8 x 25.40mm Hole Size 15.50mm High 16.50 x 26.50mm Head,8 x 25.40mm Hole Size 15.50mm High 16.50 x 26.50mm Head Zinc with Blue Topcoat Radiator Grill & Quarter Trim Panel Retainers m,,15 Pcs.,G.M. # 11519069
Grille Headlight Clips,10633PK,"5/8"" Width 1"" Length 5/8"" Overall Height","5/8"" Width 1"" Length 5/8"" Overall Height Black Finish Radiator Grille & Bumper Cover Fasteners",Black Finish,15 Pcs.,"G.M. # 15078238, 10533681, 15162843"
Retainers Reveal Moulding,9809PK,,Zinc Plated Radiator Grille Retainers,Zinc Plated,25 Pcs.,"G.M. # 15002520, 15682898, 15709521"
Retainers Reveal Moulding,986PK,15.25mm Width 30.50mm Length,15.25mm Width 30.50mm Length Light Green Nylon Windshield & Rear Window Reveal Moulding Clips,,100 Pcs.,G.M. # 1654047
Retainers Reveal Moulding,816PK,16mm Width 18.50mm Length,16mm Width 18.50mm Length Green Finish Rear Window Reveal Moulding Clips,,100 Pcs.,"G.M. # 4533699, 4506041"
Retainers Reveal Moulding,2065PK,16mm Width 23mm Length,16mm Width 23mm Length Silver Finish Windshield & Rear Window Reveal Moulding Clips,,50 Pcs.,G.M. # 9808241
Retainers Reveal Moulding,9898PK,16.25mm Width 23mm Length,16.25mm Width 23mm Length Silver Finish Windshield Upper & Lower Reveal Moulding Clips General Motors,,100 Pcs.,G.M. # 7698976
Retainers Reveal Moulding,9546PK,16.75mm Width 34.75mm Length,16.75mm Width 34.75mm Length Yellow Zinc Finish Windshield and Rear Window Reveal Moulding Clips,Zinc Finish,50 Pcs.,"G.M. # 7693140, 8736586"
Retainers Reveal Moulding,825PK,17.50mm Width 23.25mm Length,17.50mm Width 23.25mm Length Black Finish Rear Window Reveal Moulding Clips,Black Finish,100 Pcs.,"G.M. # 8717859, 9854717"
Retainers Reveal Moulding,985PK,17.50mm Width 31.50mm Length,17.50mm Width 31.50mm Length White Nylon Windshield to Panel Reveal Moulding Clips,White Nylon,100 Pcs.,AMC # 4005540; G.M. # 9731301
Retainers Reveal Moulding,817PK,18.50mm Width 34.25mm Length,18.50mm Width 34.25mm Length Black Finish Quarter Panel & Rear Windshield Reveal Moulding Clips,Black Finish,50 Pcs.,G.M. # 7730788
Retainers Reveal Moulding,9899PK,19.00mm Width 34.50mm Length,19.00mm Width l 34.50mm Length Red Finish Windshield Reveal Moulding Clips,,50 Pcs.,G.M. # 9895598
Retainers Moulding,9548PK,19.50mm Width 23.50mm Length,19.50mm Width 23.50mm Length Silver Finish Windshield & Rear Window Reveal Moulding Clips,,100 Pcs.,"G.M. # 20603072, 9606232, 9662950"
Moulding Clips,10545PK,6.00 x 16.00mm Hole Size 11mm Width 14mm Length,6.00 x 16.00mm Hole Size 11mm Width 14mm Length White Nylon Front & Rear Bumper,White Nylon,25 Pcs.,G.M. # 11561857
Moulding Clips,10804PK,"15/64"" (6mm) Hole Size 12.50mm Width 28mm Length","15/64"" (6mm) Hole Size 12.50mm Width 28mm Length Yellow Nylon With Sealer Side Window Reveal Moulding Clips",,10 Pcs.,GM # 11570512
Retainers Moulding,10679PK,6.50 x 12.50mm Hole Size,6.50 x 12.50mm Hole Size Black Nylon Fascia Trim Cover Twist Lock Retainers General Motors,Black Nylon,25 Pcs.,G.M. # 11610049
Retainers Moulding,10802PK,"9/32"" (7mm) Hole Size 13mm Stem Length 7.50 x 11.00mm Top Head Size","9/32"" (7mm) Hole Size 13mm Stem Length 7.50 x 11.00mm Top Head Size Green Nylon With Sealer Fender Moulding Clips",,10 Pcs.,G.M. # 11569920
Retainers Moulding,10823PK,"9/32"" (7mm) Hole Size 13mm Stem Length 13.00 x 30.00mm Top Head Size","9/32"" (7mm) Hole Size 13mm Stem Length 13.00 x 30.00mm Top Head Size White Nylon With Sealer Roof Rail Moulding Clips",White Nylon,15 Pcs.,G.M. # 11569918
Moulding Clips,15311PK,"5/16"" (8mm) Hole Size 8mm Stem Length 3.50 x 8.00mm Top Head Size","5/16"" (8mm) Hole Size 8mm Stem Length 3.50 x 8.00mm Top Head Size White Nylon",White Nylon,25 Pcs.,G.M. # 10287547
Moulding Clips,12026PK,"5/16"" (8mm) Hole Size 10mm Stem Length 11.00 x 15.00mm Top Head Size","5/16"" (8mm) Hole Size 10mm Stem Length 11.00 x 15.00mm Top Head Size White Nylon With Sealer Fender & Bumper Moulding Clips",White Nylon,15 Pcs.,G.M. # 94530742
Moulding Clips,12921PK,"5/16"" (8mm) Hole Size 11mm Stem Length 13mm Top Head Diameter","5/16"" (8mm) Hole Size 11mm Stem Length 13mm Top Head Diameter Blue Nylon Garnish Moulding Retainers",,25 Pcs.,G.M. # 88970345; Toyota # 90467-10167
Moulding Clips,12808PK,"5/16"" (8mm) Hole Size 13mm Stem Length 8.00 x 18.00mm Top Head Diameter","5/16"" (8mm) Hole Size 13mm Stem Length 8.00 x 18.00mm Top Head Diameter White Nylon With Sealer",White Nylon,15 Pcs.,G.M. # 11611375
Moulding Clips,13316PK,"5/16"" (8mm) Hole Size 9/16"" Stem Length 11/16 x 1 5/16"" Head Size","5/16"" (8mm) Hole Size 9/16"" Stem Length 11/16 x 1 5/16"" Head Size Black Nylon Rocker Moulding Clips",Black Nylon,15 Pcs.,G.M. # 10431524
Retainers Moulding,9969PK,"5/16"" (8mm) Hole Size 11/16"" Stem Length 15/32 x 1 5/16"" Head Size","5/16"" (8mm) Hole Size 11/16"" Stem Length 15/32 x 1 5/16"" Head Size Black Nylon Rocker Panel Moulding Clips General Motors",Black Nylon,10 Pcs.,"G.M. # 10437565, 10352803"
Retainers Moulding,12182PK,"5/16"" (8mm) Hole Size 11/16"" Stem Length 15/32 x 1 9/32"" Head Size","5/16"" (8mm) Hole Size 11/16"" Stem Length 15/32 x 1 9/32"" Head Size Maroon Nylon Rocker Moulding Clips",,10 Pcs.,G.M. 10352804
Retainers Moulding,9967PK,"5/16"" (8mm) Hole Size 11/16"" Stem Length 11/16 x 1 5/16"" Head Size","5/16"" (8mm) Hole Size 11/16"" Stem Length 11/16 x 1 5/16"" Head Size Black Nylon Rocker Panel Moulding Clips",Black Nylon,15 Pcs.,G.M. # 10352799
Retainers Moulding,13420PK,"5/16"" (8mm) Hole Size 11/16"" Stem Length 11/16 x 1 5/16"" Head Size","5/16"" (8mm) Hole Size 11/16"" Stem Length 11/16 x 1 5/16"" Head Size White Nylon Rocker Panel Moulding Clips",White Nylon,15 Pcs.,"G.M. # 10352809, 10426887, 10431503"
Retainers Moulding,10488PK,"5/16” (8mm) Hole Size 11/16"" Stem Length 11/16 x 1 5/16"" Head Size","5/16” (8mm) Hole Size 11/16"" Stem Length 11/16 x 1 5/16"" Head Size Tan Nylon Rocker Panel Moulding Clips",,15 Pcs.,G.M. # 10431523
Retainers Moulding,10489PK,"5/16"" (8mm) Hole Size 11/16"" Stem Length 11/16 x 1 5/16"" Head Size","5/16"" (8mm) Hole Size 11/16"" Stem Length 11/16 x 1 5/16"" Head Size Gray Nylon Rocker Panel Moulding Clips",,15 Pcs.,G.M. # 10352797
Retainers Moulding,10487PK,"5/16"" (8mm) Hole Size 11/16"" Stem Length 11/16 x 1 5/16"" Head Size","5/16"" (8mm) Hole Size 11/16"" Stem Length 11/16 x 1 5/16"" Head Size Red Nylon Rocker Panel Moulding Clips General Motors",,15 Pcs.,"G.M. # 10431526, 10353825"
Retainers Moulding,10484PK,"5/16"" (8mm) Hole Size 11/16"" Stem Length 11/16 x 1 5/16"" Head Size","5/16"" (8mm) Hole Size 11/16"" Stem Length 11/16 x 1 5/16"" Head Size Dark Red Nylon Rocker Panel Moulding Clips",,15 Pcs.,G.M. # 10352800
Retainers Moulding,10803PK,"5/16"" (8mm) Hole Size 20mm Stem Length 6.00 x 11.00mm Top Head Size","5/16"" (8mm) Hole Size 20mm Stem Length 6.00 x 11.00mm Top Head Size White Nylon With Sealer Side Window Moulding Clips",White Nylon,10 Pcs.,"G.M. # 11610522, 10383817"
Retainers Moulding,10805PK,"5/16"" (8mm) Hole Size 20mm Stem Length 10.00 x 17.00mm Top Head Size","5/16"" (8mm) Hole Size 20mm Stem Length 10.00 x 17.00mm Top Head Size Green Nylon With Sealer Window Reveal Moulding Clips",,5 Pcs.,GM # 11569697
Retainers Moulding,18824PK,"11/32"" (9mm) Hole Size 9.50mm Stem Length 16mm Top Head Size","11/32"" (9mm) Hole Size 9.50mm Stem Length 16mm Top Head Size Black Nylon With Sealer Tail Lamp Retainers",Black Nylon,25 Pcs.,G.M. # 11571063
Retainers Moulding,10750PK,"23/64"" (9mm) Hole Size 10mm Stem Length 10.00 x 13.00mm Top Head Diameter","23/64"" (9mm) Hole Size 10mm Stem Length 10.00 x 13.00mm Top Head Diameter Yellow Nylon Fender Flare Retainers",,25 Pcs.,G.M. # 88969790; Toyota # 75867-21010
Moulding Retainers,16093PK,"23/64"" (9mm) Hole Size 10mm Stem Length 12.00 x 20.00mm","23/64"" (9mm) Hole Size 10mm Stem Length 12.00 x 20.00mm Green Nylon With Sealer",,10 Pcs.,G.M. # 11547210
Moulding Retainers,12029PK,"23/64"" (9mm) Hole Size 10mm Stem Length 12.00 x 29.00mm Head Size","23/64"" (9mm) Hole Size 10mm Stem Length 12.00 x 29.00mm Head Size Green Nylon Rocker Moulding Clips",,25 Pcs.,G.M. # 25922739
Retainers Moulding,12600PK,"23/64"" (9mm) Hole Size 11mm Stem Length 12.00 x 20.00mm Top Head Size","23/64"" (9mm) Hole Size 11mm Stem Length 12.00 x 20.00mm Top Head Size White Nylon With Sealer General Motors",White Nylon,25 Pcs.,GM # 11547581
Retainers Moulding,12040PK,"23/64"" (9mm) Hole Size 11mm Stem Length 12.00 x 20.00mm Head Size","23/64"" (9mm) Hole Size 11mm Stem Length 12.00 x 20.00mm Head Size Gray Nylon With Sealer Rocker Moulding Retainers",,15 Pcs.,Chrysler # 68172491AA; G.M. # 11571175
Body Side Moulding Clips,10480PK,"23/64"" (9mm) Hole Size 11mm Stem Length 12.00 x 20.00mm Top Head Size","23/64"" (9mm) Hole Size 11mm Stem Length 12.00 x 20.00mm Top Head Size White Nylon",White Nylon,15 Pcs.,G.M. # 15127746
Body Side Moulding Clips,12412PK,"23/64"" (9mm) Hole Size 11mm Stem Length 12.00 x 20.00mm Top Head Size","23/64"" (9mm) Hole Size 11mm Stem Length 12.00 x 20.00mm Top Head Size White Nylon With Sealer Rocker Panel Moulding Clips",White Nylon,15 Pcs.,G.M. # 11562250
Body Side Moulding Clips,9667PK,"23/64"" (9mm) Hole Size 11mm Stem Length 12.50 x 20.00mm Top Head Size","23/64"" (9mm) Hole Size 11mm Stem Length 12.50 x 20.00mm Top Head Size Yellow Nylon With Sealer Lower Door Moulding Retainers",,10 Pcs.,G.M. # 11570847
Body Side Moulding Clips,18263PK,"23/64"" (9mm) Hole Size 11mm Stem Length 12.50 x 23.00mm Top Head Size","23/64"" (9mm) Hole Size 11mm Stem Length 12.50 x 23.00mm Top Head Size White Nylon Tailgate Cover Retainer",White Nylon,25 Pcs.,G.M. # 11611626
Body Side Moulding Clips,16397PK,"23/64"" (9mm) Hole Size 12mm Stem Length 33.00 x 45.50mm Top Head","23/64"" (9mm) Hole Size 12mm Stem Length 33.00 x 45.50mm Top Head White Nylon With Sealer Rocker Moulding Retainers",White Nylon,10 Pcs.,G.M. # 11601845
Body Side Moulding Clips,12908PK,"23/64"" (9mm) Hole Size 14mm Stem Length 9.00 x 20.00mm Top Head Size","23/64"" (9mm) Hole Size 14mm Stem Length 9.00 x 20.00mm Top Head Size Yellow Nylon With Sealer Rocker Moulding Clips",,10 Pcs.,"G.M. # 11546635, 11612122"
Retainers Moulding,10357PK,"23/64"" (9mm) Hole Size 14mm Stem Length 12.00 x 20.00mm Top Head Size","23/64"" (9mm) Hole Size 14mm Stem Length 12.00 x 20.00mm Top Head Size White Nylon Rocker Panel Moulding Clips General Motors",White Nylon,15 Pcs.,G.M. # 10323057
Retainers Moulding,13227PK,"25/64"" (9mm) Hole Size 14mm Stem Length 13mm Top Head Diameter","25/64"" (9mm) Hole Size 14mm Stem Length 13mm Top Head Diameter Black Nylon With Sealer Tailgate Moulding Retainers",Black Nylon,15 Pcs.,G.M. # 22691056
Retainers Moulding,10485PK,"23/64"" (9mm) Hole Size 14mm Stem Length 14.00 x 20.00mm Top Head Size","23/64"" (9mm) Hole Size 14mm Stem Length 14.00 x 20.00mm Top Head Size Yellow Nylon With Sealer Rocker Panel Moulding Clips",,10 Pcs.,G.M. # 5480852
Retainers Moulding,10826PK,"23/64"" (9mm) Hole Size 15mm Stem Length 12.00 x 20.00mm Top Head Size","23/64"" (9mm) Hole Size 15mm Stem Length 12.00 x 20.00mm Top Head Size Black Nylon Rocker Moulding Clips Saturn",Black Nylon,15 Pcs.,
Retainers Moulding,10481PK,"23/64"" (9mm) Hole Size 15mm Stem Length 12.00 x 20.00mm Top Head Size","23/64"" (9mm) Hole Size 15mm Stem Length 12.00 x 20.00mm Top Head Size Gray Nylon With Sealer Windshield Pillar Moulding Clips",,15 Pcs.,"G.M. # 15288146, 15893516"
Moulding Retainers,12272PK,"23/64"" (9mm) Hole Size 16mm Stem Length 12.00 x 20.00mm Top Head Size","23/64"" (9mm) Hole Size 16mm Stem Length 12.00 x 20.00mm Top Head Size Gray Nylon With Sealer",,15 Pcs.,"G.M. 11609923, 11609740"
Moulding Retainers,15870PK,"23/64"" (9mm) Hole Size 16mm Stem Length 12.00 x 20.00mm Top Head Size","23/64"" (9mm) Hole Size 16mm Stem Length 12.00 x 20.00mm Top Head Size Blue Nylon With Sealer Rocker Moulding Retainers",,10 Pcs.,G.M. # 11547211
Moulding Retainers,13515PK,"23/64"" (9mm) Hole Size 16mm Stem Length 16.00 x 26.00mm Top Head Size","23/64"" (9mm) Hole Size 16mm Stem Length 16.00 x 26.00mm Top Head Size White Nylon",White Nylon,10 Pcs.,G.M. # 11588818
Retainers Moulding,18236PK,"23/64"" (9mm) Hole Size 20mm Stem Length 9.50 x 20.00mm Top Head Size","23/64"" (9mm) Hole Size 20mm Stem Length 9.50 x 20.00mm Top Head Size Yellow Nylon With Sealer Rocker Moulding Clips General Motors",,10 Pcs.,"G.M. # 15864780, 11569921"
Moulding Retainers,18304PK,11.50 x 21.00mm Head Size 11mm Stem Length 17mm Over all Height,11.50 x 21.00mm Head Size 11mm Stem Length 17mm Over all Height Black Nylon,Black Nylon,50 Pcs.,G.M. # 11547341
Moulding Retainers,18803PK,12 x 10mm Top Head Size 21mm Over all Length 11mm Stem Size,12 x 10mm Top Head Size 21mm Over all Length 11mm Stem Size Yellow Nylon Front Bumper Retainers,,25 Pcs.,G.M. # 11603057
Door Moulding Clips,12030PK,"23/64"" (9mm) Hole Size 24mm Stem Length 12.00 x 16.00mm Head Size","23/64"" (9mm) Hole Size 24mm Stem Length 12.00 x 16.00mm Head Size Yellow Nylon",,15 Pcs.,G.M. # 25774893
Door Moulding Clips,12032PK,"23/64"" (9mm) Hole Size 24mm Stem Length 12.00 x 16.00mm Head Size","23/64"" (9mm) Hole Size 24mm Stem Length 12.00 x 16.00mm Head Size Green Nylon With Sealer Rocker Moulding Clips",,10 Pcs.,G.M. # 25775903
Door Moulding Clips,18896PK,"23/64"" (9.10mm) Hole Size 14mm Stem Length 19mm Flange Diameter","23/64"" (9.10mm) Hole Size 14mm Stem Length 19mm Flange Diameter Blue Nylon Front Wheel Moulding Retainers",,25 Pcs.,G.M.# 86779331
Door Trim Moulding Retainers,15008PK,"3/8"" (9.50mm) Hole Size 3/8"" Stem Length 9/16 x 3/4"" Head Size","3/8"" (9.50mm) Hole Size 3/8"" Stem Length 9/16 x 3/4"" Head Size Yellow Nylon",,25 Pcs.,G.M. # 25718851
Door Trim Moulding Retainers,15018PK,"3/8"" (9.50mm) Hole Size 7/16"" Stem Length 9/16 x 23/32"" Head Size","3/8"" (9.50mm) Hole Size 7/16"" Stem Length 9/16 x 23/32"" Head Size White Nylon Rocker Panel Moulding Clips",White Nylon,15 Pcs.,G.M. # 15236894
Retainers Moulding,15298PK,"3/8"" (9.50mm) Hole Size 7/16"" Stem Length 3/4 x 1 9/16"" Top Head Size","3/8"" (9.50mm) Hole Size 7/16"" Stem Length 3/4 x 1 9/16"" Top Head Size Black Nylon Rocker Panel Moulding Retainers General Motors",Black Nylon,15 Pcs.,G.M. # 15236893
Body Side Moulding Retainers,18895PK,"23/64"" (9.10mm) Hole Size 14mm Stem Length 19mm Flange Diameter","23/64"" (9.10mm) Hole Size 14mm Stem Length 19mm Flange Diameter Orange Nylon",,25 Pcs.,G.M. # 86779330
Body Side Moulding Retainers,13106PK,"3/8"" (9.50mm) Hole Size 9/16"" Stem Length 9/16 x 25/32"" Head Size","3/8"" (9.50mm) Hole Size 9/16"" Stem Length 9/16 x 25/32"" Head Size Blue Nylon Rocker Panel Moulding Clips",,15 Pcs.,G.M. # 25742293
Body Side Moulding Retainers,10680PK,"3/8"" (9.50mm) Hole Size 9/16"" Stem Length 9/16 x 13/16"" Top Head Size","3/8"" (9.50mm) Hole Size 9/16"" Stem Length 9/16 x 13/16"" Top Head Size White Nylon Rocker & Grille Moulding Clips",White Nylon,15 Pcs.,G.M. # 25724529
Body Side Moulding Retainers,12109PK,"3/8"" (9.50mm) Hole Size 9/16"" Stem Length 3/4 x 1 1/32"" Head Size","3/8"" (9.50mm) Hole Size 9/16"" Stem Length 3/4 x 1 1/32"" Head Size White Nylon Rocker Panel Moulding Clips",White Nylon,15 Pcs.,G.M. # 11589176
Moulding Clips With Sealer,13039PK,"3/8"" (9.50mm) Hole Size 15mm Stem Length 12.00 x 20.00mm Head Diameter","3/8"" (9.50mm) Hole Size 15mm Stem Length 12.00 x 20.00mm Head Diameter White Nylon Fender",White Nylon,15 Pcs.,G.M. 11518988
Moulding Clips With Sealer,16348PK,9.00 x 20.00mm Hole Size 15mm Stem Length 33.00 x 45.00mm Top Head Size,9.00 x 20.00mm Hole Size 15mm Stem Length 33.00 x 45.00mm Top Head Size White Nylon Rocker Panel Mldg Retainers,White Nylon,10 Pcs.,G.M. # 11549137
Moulding Clips With Sealer,17929PK,"25/64"" (10mm) Hole Size 14mm Stem Length 13mm Top Head Diameter","25/64"" (10mm) Hole Size 14mm Stem Length 13mm Top Head Diameter White Nylon Trim Moulding Retainers",White Nylon,50 Pcs.,G.M. # 11546850
Retainers Moulding,10827PK,"25/64"" (10mm) Hole Size 15mm Stem Length 12.00 x 20.00mm Top Head Size","25/64"" (10mm) Hole Size 15mm Stem Length 12.00 x 20.00mm Top Head Size White Nylon Rocker Moulding Clips General Motors",White Nylon,15 Pcs.,G.M. # 11562563
Body Side Moulding Clips,10482PK,"25/64"" (10mm) Hole Size 15mm Stem Length 16.00 x 38.00mm Top Head Size","25/64"" (10mm) Hole Size 15mm Stem Length 16.00 x 38.00mm Top Head Size Green Nylon",,15 Pcs.,"G.M. # 15116576, 15282120"
Moulding Clips,12909PK,"25/64"" (10mm) Hole Size 15mm Stem Length 22.00 x 45.00mm Top Head Size","25/64"" (10mm) Hole Size 15mm Stem Length 22.00 x 45.00mm Top Head Size White Nylon With Sealer",White Nylon,10 Pcs.,G.M. # 11611435
Moulding Retainers,13208PK,"25/64"" (10mm) Hole Size 15mm Stem Length 18.00 x 26.00mm Top Head Size","25/64"" (10mm) Hole Size 15mm Stem Length 18.00 x 26.00mm Top Head Size Black Nylon",Black Nylon,10 Pcs.,G.M. # 11561329
Moulding Retainers,16087PK,"25/64"" (10mm) Hole Size 17mm Stem Length 22.00 x 46.00mm Head Size","25/64"" (10mm) Hole Size 17mm Stem Length 22.00 x 46.00mm Head Size Green Nylon Rocker Moulding Retainers",,15 Pcs.,G.M. # 25744385
Moulding Retainers,10059PK,"7/16"" (11mm) Hole Size 17/32"" Stem Length 7/8"" Width 2"" Length","7/16"" (11mm) Hole Size 17/32"" Stem Length 7/8"" Width 2"" Length Gray Nylon Rocker Panel Moulding Clips",,10 Pcs.,G.M. # 25722671
Moulding Retainers,9914PK,"7/16"" (11mm) Hole Size 9/16"" Stem Length 15/32 x 13/16"" Top Head Size","7/16"" (11mm) Hole Size 9/16"" Stem Length 15/32 x 13/16"" Top Head Size Green Nylon Rocker Panel Moulding Clips",,15 Pcs.,G.M. # 10423553
Moulding Retainers,9991PK,"7/16"" (11mm) Hole Size 9/16"" Stem Length 15/32 x 25/32"" Top Head Size","7/16"" (11mm) Hole Size 9/16"" Stem Length 15/32 x 25/32"" Top Head Size Natural Nylon With Sealer Rear Wheel Opening Moulding Clips",Natural Nylon,10 Pcs.,G.M. # 10297368
Retainers Moulding,12512PK,"7/16"" (11mm) Hole Size 9/16"" Stem Length 1/2 x 9/16"" Top Head Size","7/16"" (11mm) Hole Size 9/16"" Stem Length 1/2 x 9/16"" Top Head Size White Nylon With Sealer Rocker Panel Moulding Clips General Motors",White Nylon,15 Pcs.,G.M. # 10442914
Retainers Moulding,10127PK,"7/16"" (11mm) Hole Size 9/16"" Stem Length 9/16 x 3/4"" Top Head Size","7/16"" (11mm) Hole Size 9/16"" Stem Length 9/16 x 3/4"" Top Head Size Gray Nylon Rocker Panel Moulding Clips",,25 Pcs.,G.M. # 25693852
Retainers Moulding,10129PK,"7/16"" (11mm) Hole Size 9/16"" Stem Length 9/16 x 13/16"" Top Head Size","7/16"" (11mm) Hole Size 9/16"" Stem Length 9/16 x 13/16"" Top Head Size Natural Nylon With Sealer Rocker Panel Moulding Clips",Natural Nylon,15 Pcs.,G.M. # 11518357
Retainers Moulding,9992PK,"7/16"" (11mm) Hole Size 9/16"" Stem Length 9/16 x 13/16"" Top Head Size","7/16"" (11mm) Hole Size 9/16"" Stem Length 9/16 x 13/16"" Top Head Size Black Nylon Front Fender With Opening Moulding Clips",Black Nylon,25 Pcs.,G.M. # 10242298
Retainers Moulding,9915PK,"7/16"" (11mm) Hole Size 9/16"" Stem Length 9/16 x 13/16"" Top Head Size","7/16"" (11mm) Hole Size 9/16"" Stem Length 9/16 x 13/16"" Top Head Size White Nylon Rocker Panel Moulding Clips",White Nylon,15 Pcs.,G.M. # 10443956
Retainers Moulding,10429PK,"7/16"" (11mm) Hole Size 9/16"" Stem Length 9/16 x 1 1/8"" Top Head Size","7/16"" (11mm) Hole Size 9/16"" Stem Length 9/16 x 1 1/8"" Top Head Size Gray Nylon Rocker Panel Moulding Clips",,15 Pcs.,G.M. # 15221959
Retainers Moulding,9990PK,"7/16"" (11mm) Hole Size 9/16"" Stem Length 19/32 x 25/32"" Top Head Size","7/16"" (11mm) Hole Size 9/16"" Stem Length 19/32 x 25/32"" Top Head Size Yellow Nylon With Sealer Rear Wheel Opening Moulding Clips",,15 Pcs.,G.M. # 10297371
Retainers Moulding,10056PK,"7/16"" (11mm) Hole Size 19/32"" Stem Length 3/4 x 1"" Top Head Size","7/16"" (11mm) Hole Size 19/32"" Stem Length 3/4 x 1"" Top Head Size White Nylon Rocker Panel Moulding Clips General Motors",White Nylon,15 Pcs.,G.M. # 22603384
Retainers Moulding,15299PK,"7/16"" (11mm) Hole Size 21/32"" Stem Length 3/4 x 1 9/16"" Head Size","7/16"" (11mm) Hole Size 21/32"" Stem Length 3/4 x 1 9/16"" Head Size White Nylon Rocker Moulding Retainers",White Nylon,15 Pcs.,G.M. # 10384814
Retainers Moulding,10128PK,"7/16"" (11mm) Hole Size 21/32"" Stem Length 7/8” Width 2” Length","7/16"" (11mm) Hole Size 21/32"" Stem Length 7/8” Width 2” Length Gray Nylon Rocker Moulding Clips",,10 Pcs.,G.M. # 25648693
Retainers Moulding,15154PK,"7/16"" (11mm) Hole Size 1 3/8"" Stem Length 15/32 x 27/32"" Top Head Size Yellow Nylon W/Sealer","7/16"" (11mm) Hole Size 1 3/8"" Stem Length 15/32 x 27/32"" Top Head Size Yellow Nylon W/Sealer Rocker Panel Moulding Clips",,10 Pcs.,"G.M. # 11589244, 11569973"
Retainers Moulding,10058PK,"7/16"" (11mm) Hole Size 1 1/4"" Stem Length 1 1/16 x 1 1/2"" Top Head Size","7/16"" (11mm) Hole Size 1 1/4"" Stem Length 1 1/16 x 1 1/2"" Top Head Size Gray Nylon Rocker Panel Moulding Clips",,15 Pcs.,"G.M. # 10431761, 10411395"
Retainers Moulding,13235PK,"7/16"" (11mm) Hole Size 33mm Stem Length 18.00 x 38.00mm Top Head Size","7/16"" (11mm) Hole Size 33mm Stem Length 18.00 x 38.00mm Top Head Size Black Nylon Rocker, Pillar & Floor Moulding Clips",Black Nylon,15 Pcs.,G.M. # 10363352
Retainers Moulding,15155PK,"7/8"" (22mm) Hole Size 10mm Stem Length 32mm Head Diameter","7/8"" (22mm) Hole Size 10mm Stem Length 32mm Head Diameter Black Nylon Rocker Moulding Retainers General Motors",Black Nylon,25 Pcs.,"G.M. # 88970495, 88973654; Toyota # 76924-52021, 76924-02010,"
Retainers Moulding,12656PK,13mm Width 22mm Length 13.50 x 20.50mm Head Size,13mm Width 22mm Length 13.50 x 20.50mm Head Size Zinc Finish Garnish Moulding Clips,Zinc Finish,15 Pcs.,#8 (4.20mm) Screw Size; G.M. # 11609651
Retainers Moulding,9853PK,"7/16"" Width 25/32"" Length","7/16"" Width 25/32"" Length Natural Nylon Quarter Panel and Reveal Moulding Clips",Natural Nylon,100 Pcs.,G.M. # 7731589
Retainers Moulding,1159PK,"7/16"" Width 31/32"" Length","7/16"" Width 31/32"" Length White Nylon Quarter Belt Reveal Moulding Clips",White Nylon,50 Pcs.,G.M. # 20199675
"Door, Quarter Panel &",9895PK,"31/64"" Width 57/64"" Length","31/64"" Width 57/64"" Length White Nylon Rear End Moulding Clips",White Nylon,50 Pcs.,G.M. # 8799350
"Door, Quarter Panel &",12389PK,"1/2"" Width 5/8"" Overall Length","1/2"" Width 5/8"" Overall Length Zinc Finish Garnish Moulding Retainers",Zinc Finish,25 Pcs.,G.M. # 15748479
Door & Body Side Moulding Clips,987PK,"33/64"" Width 27/32"" Length","33/64"" Width 27/32"" Length Gray Nylon",,100 Pcs.,G.M. # 9838109
Door & Body Side Moulding Clips,1172PK,"9/16"" Width 61/64"" Length","9/16"" Width 61/64"" Length White Nylon Quarter Belt Reveal Moulding Clips",White Nylon,50 Pcs.,"G.M. # 20175051, 15633873"
Door & Body Side Moulding Clips,12843PK,"7/8"" Width 2"" Length","7/8"" Width 2"" Length Black Nylon Rocker Panel Molding Clips",Black Nylon,10 Pcs.,"G.M. # 25691949, 25704001"
Retainers Moulding,13100PK,26mm Width 43mm Length,26mm Width 43mm Length Light Brown Nylon Belt Molding Clips General Motors,,15 Pcs.,G.M. # 11547339
Retainers Moulding,12133PK,,Windshield Black Nylon Upper Garnish Moulding Clips,Black Nylon,10 Pcs.,G.M. # 20058837
Moulding Clips,12805PK,11.50 x 21.00mm Head Size 11mm Stem Length 17mm Overall Height,11.50 x 21.00mm Head Size 11mm Stem Length 17mm Overall Height White Nylon,White Nylon,50 Pcs.,Chrysler # 68225214-AA; G.M. # 11547341
Door Sill Plate Retainers,13519PK,10mm Stem Length 17.00 x 24.00mm Top Head,10mm Stem Length 17.00 x 24.00mm Top Head Red Nylon With Sealer & Metal Reinforced,,10 Pcs.,G.M. # 11547024
Moulding Retainers,14995PK,10mm Stem Length 17.00 x 24.00mm Top Head Size,10mm Stem Length 17.00 x 24.00mm Top Head Size Blue Nylon With Sealer Interior Trim & Windshield Pillar,,10 Pcs.,G.M. # 11611367
Moulding Retainers,17588PK,10mm Stem Length 17.00 x 24.00mm Top Head Size,10mm Stem Length 17.00 x 24.00mm Top Head Size Red Nylon With Metal Reinforced Interior Trim & Windshield Garnish,,10 Pcs.,G.M. # 11547026
Retainers Moulding,13104PK,10mm Stem Length 17.00 x 24.00mm Top Head Size,10mm Stem Length 17.00 x 24.00mm Top Head Size Blue Nylon With Metal Reinforced Interior Trim & Windshield Pillar General Motors,,10 Pcs.,G.M. # 11611623
Retainers Moulding,18095PK,11mm Stem Length 17.00 x 20.00mm Top Head Size,"11mm Stem Length 17.00 x 20.00mm Top Head Size Blue Nylon With Metal Reinforced Windshield Pillar, Interior & Trunk Trim Moulding Retainers",,15 Pcs.,G.M. # 24405740
Moulding Retainers,18165PK,12mm Stem Length 17.00 x 20.00mm Top Head Size,"12mm Stem Length 17.00 x 20.00mm Top Head Size Black Nylon With Metal Reinforced Windshield Pillar, Interior",Black Nylon,15 Pcs.,G.M. # 24405739
"Grille Assembly Retainer                                ':' •    I ... ),·",18119PK,19mm Stem Length 19mm Overall Height 17.50 x 25.00mm Head Size,19mm Stem Length 19mm Overall Height 17.50 x 25.00mm Head Size ~. Black Finish                                               ·-,Black Finish,10 Pcs.,G.M. # 11546500
Retainers Universal Moulding,16310PK,8mm Width 15mm Height,8mm Width 15mm Height White Nylon Quarter Panel & Exterior Trim Moulding Clips 00],White Nylon,25 Pcs.,Ford # W714972-S300; GM # 94748652
Retainers Universal Moulding,308PK,"3/8"" Hole Size","3/8"" Hole Size Front & Rear Door Universal Moulding Clips",,50 Pcs.,"G.M. # 4759145, 4761842, 4779348"
Retainers Universal Moulding,2194PK,"10-24 x 3/4"" Screw Size 3/4 x 2 1/2"" Plate Size Breaks Oﬀ In 1/16""","10-24 x 3/4"" Screw Size 3/4 x 2 1/2"" Plate Size Breaks Oﬀ In 1/16"" Bright Zinc Finish General Motors",Zinc Finish,25 Pcs.,
Moulding Clips,347PK,"10-24 x 3/4"" Screw Size 11/32 x 23/32"" Plate Size","10-24 x 3/4"" Screw Size 11/32 x 23/32"" Plate Size Universal",,50 Pcs.,"Chrysler # 1624705, 6010093; G.M. # 4689929, 4778814"
Moulding Clips,9879PK,"10-24 x 3/4"" Screw Size 1/2 x 1 1/16"" Plate Size","10-24 x 3/4"" Screw Size 1/2 x 1 1/16"" Plate Size Universal Moulding Clips",,25 Pcs.,"Chrysler # 1560058, 6010029; Ford # 358560; G.M. # 568792, 574355, 1165051"
Moulding Clips,345PK,"10-24 x 3/4"" Screw Size 1/2 x 1 25/64"" Plate Size","10-24 x 3/4"" Screw Size 1/2 x 1 25/64"" Plate Size Universal Moulding Clips",,50 Pcs.,"Chrysler # 6000705, 6013029; G.M. # 3722635"
Moulding Clips,344PK,"10-24 x 3/4"" Screw Size 9/16 x 1 25/32"" Plate Size","10-24 x 3/4"" Screw Size 9/16 x 1 25/32"" Plate Size Universal",,50 Pcs.,"Chrysler # 1758099, 6000720, 6010046; G.M. # 3744999"
Retainers Universal Moulding,9711PK,"10-24 x 3/4"" Screw Size 11/16 x 2 17/32"" Plate Size Commercial Zinc Finish","10-24 x 3/4"" Screw Size 11/16 x 2 17/32"" Plate Size Commercial Zinc Finish Universal Moulding Clips General Motors",Zinc Finish,15 Pcs.,G.M. # 4676189
Moulding Clips,315PK,"13/16 x 2 1/8"" Plate Size","13/16 x 2 1/8"" Plate Size Universal",,25 Pcs.,
